DateTime,WTemp_C,Flag_WTemp_C,Turb_FNU,Flag_Turb_FNU
2020-04-03 21:00,6.1,A,2.35,A
2020-04-03 22:00,6.0,A,2.475,A
2020-04-03 23:00,5.8500000000000005,A,0.3,A
2020-04-04 00:00,5.699999999999998,A,4.699999999999998,A
2020-04-04 01:00,5.3500000000000005,A,4.625,A
2020-04-04 02:00,5.0,A,4.575,A
2020-04-04 03:00,4.775,A,3.725,A
2020-04-04 04:00,4.425,A,3.7,A
2020-04-04 05:00,3.825,A,3.0500000000000003,A
2020-04-04 06:00,3.2,A,2.4,A
2020-04-04 07:00,2.675,A,2.025,A
2020-04-04 08:00,2.175,A,1.5750000000000002,A
2020-04-04 09:00,1.85,A,1.2000000000000002,A
2020-04-04 10:00,1.5499999999999998,A,1.0,A
2020-04-04 11:00,1.15,A,0.95,A
2020-04-04 12:00,0.8250000000000001,A,0.7999999999999999,A
2020-04-04 13:00,0.375,A,0.925,A
2020-04-04 14:00,0.25,A,1.675,A
2020-04-04 15:00,0.5249999999999999,A,0.6,A
2020-04-04 16:00,1.3250000000000002,A,0.3,A
2020-04-04 17:00,2.975,A,0.3999999999999999,A
2020-04-04 18:00,4.6,A,0.15,A
2020-04-04 19:00,6.6,A,0.225,A
2020-04-04 20:00,8.3,A,0.425,A
2020-04-04 21:00,9.725,A,0.65,A
2020-04-04 22:00,10.325,A,4.75,A
2020-04-04 23:00,10.05,A,4.625,A
2020-04-05 00:00,9.65,A,1.45,A
2020-04-05 01:00,9.075,A,2.25,A
2020-04-05 02:00,8.3,A,2.425,A
2020-04-05 03:00,7.6,A,3.125,A
2020-04-05 04:00,6.8,A,2.25,A
2020-04-05 05:00,5.999999999999999,A,1.675,A
2020-04-05 06:00,5.1000000000000005,A,1.525,A
2020-04-05 07:00,4.3,A,1.275,A
2020-04-05 08:00,3.6,A,1.05,A
2020-04-05 09:00,3.0500000000000003,A,0.925,A
2020-04-05 10:00,2.7,A,0.7749999999999999,A
2020-04-05 11:00,2.25,A,0.7000000000000001,A
2020-04-05 12:00,1.85,A,0.6749999999999999,A
2020-04-05 13:00,1.55,A,0.675,A
2020-04-05 14:00,1.325,A,0.425,A
2020-04-05 15:00,1.4500000000000002,A,0.325,A
2020-04-05 16:00,2.125,A,0.275,A
2020-04-05 17:00,3.575,A,0.3749999999999999,A
2020-04-05 18:00,5.375,A,0.475,A
2020-04-05 19:00,7.15,A,0.275,A
2020-04-05 20:00,8.475000000000001,A,0.0,A
2020-04-05 21:00,8.950000000000003,A,0.025,A
2020-04-05 22:00,9.775,A,0.075,A
2020-04-05 23:00,10.125,A,0.075,A
2020-04-06 00:00,9.8,A,0.15,A
2020-04-06 01:00,9.25,A,0.7749999999999999,A
2020-04-06 02:00,8.625,A,1.525,A
2020-04-06 03:00,7.999999999999999,A,2.225,A
2020-04-06 04:00,7.425,A,2.075,A
2020-04-06 05:00,6.85,A,1.9,A
2020-04-06 06:00,6.324999999999998,A,1.525,A
2020-04-06 07:00,5.75,A,1.425,A
2020-04-06 08:00,5.125,A,1.325,A
2020-04-06 09:00,4.55,A,1.0750000000000002,A
2020-04-06 10:00,4.05,A,1.0,A
2020-04-06 11:00,3.575,A,1.025,A
2020-04-06 12:00,3.0500000000000003,A,1.275,A
2020-04-06 13:00,2.725,A,1.5499999999999998,A
2020-04-06 14:00,2.675,A,1.625,A
2020-04-06 15:00,3.0249999999999995,A,1.25,A
2020-04-06 16:00,4.1,A,1.15,A
2020-04-06 17:00,5.5,A,0.375,A
2020-04-06 18:00,6.7,A,0.175,A
2020-04-06 19:00,8.55,A,0.3,A
2020-04-06 20:00,10.2,A,0.275,A
2020-04-06 21:00,11.625,A,0.225,A
2020-04-06 22:00,12.224999999999998,A,0.325,A
2020-04-06 23:00,12.1,A,0.7749999999999999,A
2020-04-07 00:00,11.625,A,1.625,A
2020-04-07 01:00,10.8,A,1.3,A
2020-04-07 02:00,10.0,A,1.45,A
2020-04-07 03:00,9.1,A,1.875,A
2020-04-07 04:00,8.3,A,1.75,A
2020-04-07 05:00,7.499999999999999,A,1.65,A
2020-04-07 06:00,6.75,A,1.425,A
2020-04-07 07:00,6.1,A,1.5750000000000002,A
2020-04-07 08:00,5.65,A,1.25,A
2020-04-07 09:00,5.25,A,1.475,A
2020-04-07 10:00,4.75,A,1.65,A
2020-04-07 11:00,4.35,A,1.65,A
2020-04-07 12:00,3.95,A,1.75,A
2020-04-07 13:00,3.625,A,1.775,A
2020-04-07 14:00,3.5,A,1.2999999999999998,A
2020-04-07 15:00,3.65,A,1.625,A
2020-04-07 16:00,3.75,A,0.65,A
2020-04-07 17:00,3.925,A,0.6,A
2020-04-07 18:00,4.25,A,1.5499999999999998,A
2020-04-07 19:00,4.65,A,0.55,A
2020-04-07 20:00,5.05,A,2.1,A
2020-04-07 21:00,5.35,A,0.225,A
2020-04-07 22:00,5.575,A,0.55,A
2020-04-07 23:00,6.025,A,0.7000000000000001,A
2020-04-08 00:00,6.199999999999998,A,0.375,A
2020-04-08 01:00,5.925,A,0.5,A
2020-04-08 02:00,5.65,A,0.7749999999999999,A
2020-04-08 03:00,5.199999999999998,A,1.175,A
2020-04-08 04:00,4.725,A,1.05,A
2020-04-08 05:00,4.25,A,0.925,A
2020-04-08 06:00,3.725,A,0.7750000000000001,A
2020-04-08 07:00,3.125,A,0.7249999999999999,A
2020-04-08 08:00,2.575,A,1.45,A
2020-04-08 09:00,2.125,A,0.75,A
2020-04-08 10:00,1.75,A,0.525,A
2020-04-08 11:00,1.475,A,0.575,A
2020-04-08 12:00,1.225,A,0.525,A
2020-04-08 13:00,1.05,A,0.55,A
2020-04-08 14:00,1.1,A,0.825,A
2020-04-08 15:00,1.4500000000000002,A,0.325,A
2020-04-08 16:00,2.15,A,0.375,A
2020-04-08 17:00,3.625,A,0.325,A
2020-04-08 18:00,5.625,A,0.275,A
2020-04-08 19:00,7.699999999999998,A,0.875,A
2020-04-08 20:00,9.5,A,0.75,A
2020-04-08 21:00,10.925,A,1.2,A
2020-04-08 22:00,11.749999999999998,A,1.3,A
2020-04-08 23:00,11.725,A,1.4249999999999998,A
2020-04-09 00:00,11.05,A,1.4333333333333331,A
2020-04-09 01:00,10.275,A,0.7250000000000001,A
2020-04-09 02:00,9.6,A,0.8999999999999999,A
2020-04-09 03:00,8.8,A,1.275,A
2020-04-09 04:00,8.049999999999999,A,1.275,A
2020-04-09 05:00,7.3,A,1.05,A
2020-04-09 06:00,6.6000000000000005,A,1.175,A
2020-04-09 07:00,5.925,A,1.15,A
2020-04-09 08:00,5.25,A,0.9,A
2020-04-09 09:00,4.575,A,0.8500000000000001,A
2020-04-09 10:00,3.9,A,0.9666666666666668,A
2020-04-09 11:00,3.25,A,0.85,A
2020-04-09 12:00,2.6,A,1.925,A
2020-04-09 13:00,2.0500000000000003,A,,
2020-04-09 14:00,1.725,A,,
2020-04-09 15:00,1.825,A,,
2020-04-09 16:00,2.95,A,,
2020-04-09 17:00,4.7,A,,
2020-04-09 18:00,6.7,A,,
2020-04-09 19:00,8.85,A,,
2020-04-09 20:00,10.6,A,,
2020-04-09 21:00,12.0,A,,
2020-04-09 22:00,12.749999999999998,A,0.3,A
2020-04-09 23:00,12.9,A,0.5,A
2020-04-10 00:00,12.55,A,0.6749999999999999,A
2020-04-10 01:00,11.875000000000002,A,0.75,A
2020-04-10 02:00,11.1,A,1.4500000000000002,A
2020-04-10 03:00,10.3,A,1.1,A
2020-04-10 04:00,9.425,A,1.3249999999999995,A
2020-04-10 05:00,8.600000000000001,A,1.375,A
2020-04-10 06:00,7.8,A,1.325,A
2020-04-10 07:00,7.025,A,1.25,A
2020-04-10 08:00,6.35,A,1.4,A
2020-04-10 09:00,5.674999999999999,A,1.3,A
2020-04-10 10:00,5.025,A,1.175,A
2020-04-10 11:00,4.35,A,1.225,A
2020-04-10 12:00,3.7,A,1.2,A
2020-04-10 13:00,3.15,A,1.85,A
2020-04-10 14:00,2.8,A,1.1,A
2020-04-10 15:00,3.0250000000000004,A,1.1,A
2020-04-10 16:00,3.75,A,1.4,A
2020-04-10 17:00,5.225,A,1.075,A
2020-04-10 18:00,6.85,A,0.7999999999999999,A
2020-04-10 19:00,8.45,A,0.6,A
2020-04-10 20:00,9.925,A,0.7000000000000001,A
2020-04-10 21:00,10.725,A,0.475,A
2020-04-10 22:00,11.0,A,0.625,A
2020-04-10 23:00,10.9,A,0.575,A
2020-04-11 00:00,10.575,A,0.6749999999999999,A
2020-04-11 01:00,10.025,A,0.7750000000000001,A
2020-04-11 02:00,9.4,A,1.0,A
2020-04-11 03:00,8.825,A,1.6,A
2020-04-11 04:00,8.299999999999999,A,1.325,A
2020-04-11 05:00,7.85,A,1.5499999999999998,A
2020-04-11 06:00,7.475,A,1.575,A
2020-04-11 07:00,7.15,A,2.475,A
2020-04-11 08:00,6.575,A,1.325,A
2020-04-11 09:00,5.925000000000002,A,1.275,A
2020-04-11 10:00,5.225,A,1.45,A
2020-04-11 11:00,4.575,A,1.65,A
2020-04-11 12:00,3.325,A,1.875,A
2020-04-11 13:00,2.375,A,2.075,A
2020-04-11 14:00,2.175,A,2.3,A
2020-04-11 15:00,2.1,A,2.325,A
2020-04-11 16:00,2.25,A,1.9,A
2020-04-11 17:00,2.7,A,2.675,A
2020-04-11 18:00,2.975,A,2.6500000000000004,A
2020-04-11 19:00,2.925,A,5.699999999999998,A
2020-04-11 20:00,3.075,A,3.85,A
2020-04-11 21:00,3.875,A,3.375,A
2020-04-11 22:00,3.95,A,2.525,A
2020-04-11 23:00,3.575,A,2.7,A
2020-04-12 00:00,3.6,A,2.8000000000000003,A
2020-04-12 01:00,3.425,A,2.825,A
2020-04-12 02:00,3.0,A,3.75,A
2020-04-12 03:00,2.475,A,2.975,A
2020-04-12 04:00,1.9,A,2.55,A
2020-04-12 05:00,1.425,A,2.1,A
2020-04-12 06:00,0.9000000000000001,A,1.95,A
2020-04-12 07:00,0.375,A,1.85,A
2020-04-12 08:00,-0.05,A,2.725,A
2020-04-12 09:00,-0.1,A,3.375,A
2020-04-12 10:00,-0.1,A,0.425,A
2020-04-12 11:00,-0.1,A,1.6750000000000005,A
2020-04-12 12:00,-0.1,A,0.575,A
2020-04-12 13:00,-0.1,A,1.2000000000000002,A
2020-04-12 14:00,-0.025,A,1.575,A
2020-04-12 15:00,0.0,A,0.3999999999999999,A
2020-04-12 16:00,0.05,A,2.55,A
2020-04-12 17:00,0.35,A,4.6,A
2020-04-12 18:00,1.925,A,2.1,A
2020-04-12 19:00,3.975,A,0.95,A
2020-04-12 20:00,5.425,A,0.625,A
2020-04-12 21:00,6.4750000000000005,A,1.05,A
2020-04-12 22:00,7.074999999999998,A,1.3250000000000002,A
2020-04-12 23:00,6.875,A,1.2000000000000002,A
2020-04-13 00:00,6.15,A,0.95,A
2020-04-13 01:00,5.324999999999998,A,1.35,A
2020-04-13 02:00,4.325,A,2.475,A
2020-04-13 03:00,3.4,A,4.75,A
2020-04-13 04:00,2.6,A,4.775,A
2020-04-13 05:00,1.85,A,3.525,A
2020-04-13 06:00,1.3250000000000002,A,3.3,A
2020-04-13 07:00,0.8250000000000001,A,2.6500000000000004,A
2020-04-13 08:00,0.3,A,1.95,A
2020-04-13 09:00,-0.075,A,1.3,A
2020-04-13 10:00,-0.1,A,0.675,A
2020-04-13 11:00,-0.05,A,0.225,A
2020-04-13 12:00,0.0,A,0.1,A
2020-04-13 13:00,0.0,A,0.0,A
2020-04-13 14:00,0.0,A,,
2020-04-13 15:00,0.0,A,0.075,A
2020-04-13 16:00,0.075,A,1.875,A
2020-04-13 17:00,0.75,A,2.075,A
2020-04-13 18:00,2.475,A,1.225,A
2020-04-13 19:00,4.050000000000002,A,0.7499999999999999,A
2020-04-13 20:00,5.324999999999998,A,0.95,A
2020-04-13 21:00,6.4750000000000005,A,1.6,A
2020-04-13 22:00,6.975,A,2.675,A
2020-04-13 23:00,6.85,A,2.0250000000000004,A
2020-04-14 00:00,6.199999999999998,A,2.2,A
2020-04-14 01:00,5.225,A,2.425,A
2020-04-14 02:00,4.275,A,5.25,A
2020-04-14 03:00,3.575,A,8.925,A
2020-04-14 04:00,2.8000000000000003,A,8.25,A
2020-04-14 05:00,2.225,A,5.525,A
2020-04-14 06:00,1.625,A,4.175000000000002,A
2020-04-14 07:00,0.95,A,3.6,A
2020-04-14 08:00,0.375,A,2.725,A
2020-04-14 09:00,-0.025,A,2.1500000000000004,A
2020-04-14 10:00,-0.1,A,1.375,A
2020-04-14 11:00,-0.1,A,0.65,A
2020-04-14 12:00,-0.1,A,0.3,A
2020-04-14 13:00,-0.05,A,0.125,A
2020-04-14 14:00,0.0,A,0.25,A
2020-04-14 15:00,0.1,A,2.175,A
2020-04-14 16:00,1.0750000000000002,A,3.5249999999999995,A
2020-04-14 17:00,2.6,A,3.825,A
2020-04-14 18:00,4.25,A,1.7500000000000002,A
2020-04-14 19:00,5.7,A,1.7,A
2020-04-14 20:00,6.5,A,2.45,A
2020-04-14 21:00,7.6,A,2.175,A
2020-04-14 22:00,8.375,A,2.025,A
2020-04-14 23:00,8.85,A,1.05,A
2020-04-15 00:00,8.675,A,7.050000000000002,A
2020-04-15 01:00,8.15,A,7.949999999999998,A
2020-04-15 02:00,7.774999999999999,A,8.175,A
2020-04-15 03:00,7.35,A,7.7,A
2020-04-15 04:00,6.499999999999999,A,7.525,A
2020-04-15 05:00,5.6000000000000005,A,5.725,A
2020-04-15 06:00,4.85,A,4.325,A
2020-04-15 07:00,4.25,A,3.6,A
2020-04-15 08:00,3.75,A,3.2,A
2020-04-15 09:00,3.4000000000000004,A,2.35,A
2020-04-15 10:00,3.1,A,1.975,A
2020-04-15 11:00,2.75,A,1.75,A
2020-04-15 12:00,2.35,A,1.75,A
2020-04-15 13:00,2.1,A,1.525,A
2020-04-15 14:00,2.125,A,1.1,A
2020-04-15 15:00,2.375,A,0.675,A
2020-04-15 16:00,2.75,A,0.5,A
2020-04-15 17:00,3.425,A,3.175,A
2020-04-15 18:00,4.05,A,1.125,A
2020-04-15 19:00,4.4,A,1.2,A
2020-04-15 20:00,4.525,A,0.4,A
2020-04-15 21:00,4.825,A,0.4,A
2020-04-15 22:00,5.4750000000000005,A,0.7,A
2020-04-15 23:00,6.025,A,0.35,A
2020-04-16 00:00,5.925000000000002,A,0.6000000000000001,A
2020-04-16 01:00,5.6,A,0.7749999999999999,A
2020-04-16 02:00,4.9750000000000005,A,1.025,A
2020-04-16 03:00,4.375,A,1.475,A
2020-04-16 04:00,3.5250000000000004,A,1.5666666666666669,A
2020-04-16 05:00,3.1,A,1.475,A
2020-04-16 06:00,2.55,A,1.3,A
2020-04-16 07:00,2.0500000000000003,A,1.225,A
2020-04-16 08:00,1.55,A,0.75,A
2020-04-16 09:00,1.05,A,0.55,A
2020-04-16 10:00,0.4999999999999999,A,0.55,A
2020-04-16 11:00,0.05,A,0.425,A
2020-04-16 12:00,-0.1,A,0.475,A
2020-04-16 13:00,-0.1,A,0.0,A
2020-04-16 14:00,-0.075,A,0.5,A
2020-04-16 15:00,0.075,A,,
2020-04-16 16:00,0.5,A,0.825,A
2020-04-16 17:00,2.175,A,1.4500000000000002,A
2020-04-16 18:00,3.1750000000000003,A,0.725,A
2020-04-16 19:00,4.775,A,0.325,A
2020-04-16 20:00,6.475,A,0.6000000000000001,A
2020-04-16 21:00,7.925,A,1.125,A
2020-04-16 22:00,8.725,A,1.425,A
2020-04-16 23:00,9.075,A,1.425,A
2020-04-17 00:00,8.774999999999999,A,1.275,A
2020-04-17 01:00,7.925000000000002,A,2.95,A
2020-04-17 02:00,7.174999999999999,A,2.9,A
2020-04-17 03:00,6.4750000000000005,A,2.5500000000000003,A
2020-04-17 04:00,5.85,A,2.275,A
2020-04-17 05:00,5.1000000000000005,A,2.275,A
2020-04-17 06:00,4.4,A,1.85,A
2020-04-17 07:00,3.6,A,1.4,A
2020-04-17 08:00,2.925,A,1.025,A
2020-04-17 09:00,2.25,A,0.8999999999999999,A
2020-04-17 10:00,1.6,A,0.7499999999999999,A
2020-04-17 11:00,1.05,A,0.75,A
2020-04-17 12:00,0.5249999999999999,A,0.7000000000000001,A
2020-04-17 13:00,0.1,A,1.325,A
2020-04-17 14:00,-0.075,A,0.325,A
2020-04-17 15:00,0.45,A,0.375,A
2020-04-17 16:00,2.025,A,1.025,A
2020-04-17 17:00,4.0,A,0.35,A
2020-04-17 18:00,6.0,A,0.475,A
2020-04-17 19:00,7.975,A,0.275,A
2020-04-17 20:00,9.575,A,0.7,A
2020-04-17 21:00,10.8,A,2.0,A
2020-04-17 22:00,11.525,A,1.85,A
2020-04-17 23:00,11.750000000000002,A,1.8,A
2020-04-18 00:00,11.2,A,1.875,A
2020-04-18 01:00,10.325,A,1.125,A
2020-04-18 02:00,9.35,A,1.0,A
2020-04-18 03:00,8.475,A,1.8,A
2020-04-18 04:00,7.674999999999999,A,3.925,A
2020-04-18 05:00,7.074999999999998,A,3.55,A
2020-04-18 06:00,6.65,A,2.575,A
2020-04-18 07:00,6.25,A,2.25,A
2020-04-18 08:00,5.75,A,1.925,A
2020-04-18 09:00,5.199999999999998,A,1.7000000000000002,A
2020-04-18 10:00,4.625,A,1.575,A
2020-04-18 11:00,4.15,A,1.5,A
2020-04-18 12:00,3.875,A,1.575,A
2020-04-18 13:00,3.7,A,0.925,A
2020-04-18 14:00,3.75,A,0.95,A
2020-04-18 15:00,4.1000000000000005,A,1.1,A
2020-04-18 16:00,4.825,A,0.6499999999999999,A
2020-04-18 17:00,5.65,A,1.025,A
2020-04-18 18:00,6.6,A,1.0750000000000002,A
2020-04-18 19:00,7.85,A,0.6,A
2020-04-18 20:00,8.825,A,0.425,A
2020-04-18 21:00,10.1,A,0.625,A
2020-04-18 22:00,10.975,A,0.925,A
2020-04-18 23:00,10.975,A,0.925,A
2020-04-19 00:00,10.7,A,0.975,A
2020-04-19 01:00,10.275,A,0.9,A
2020-04-19 02:00,9.625,A,0.8250000000000001,A
2020-04-19 03:00,9.0,A,1.725,A
2020-04-19 04:00,8.475000000000001,A,1.35,A
2020-04-19 05:00,7.9,A,1.6,A
2020-04-19 06:00,7.45,A,1.5750000000000002,A
2020-04-19 07:00,7.050000000000002,A,1.475,A
2020-04-19 08:00,6.625,A,1.4,A
2020-04-19 09:00,6.15,A,1.35,A
2020-04-19 10:00,5.675000000000002,A,1.225,A
2020-04-19 11:00,5.35,A,1.15,A
2020-04-19 12:00,4.875,A,1.075,A
2020-04-19 13:00,4.625,A,0.925,A
2020-04-19 14:00,4.475,A,0.7,A
2020-04-19 15:00,4.800000000000002,A,0.775,A
2020-04-19 16:00,5.575,A,0.35,A
2020-04-19 17:00,6.875,A,0.3249999999999999,A
2020-04-19 18:00,8.65,A,1.4500000000000002,A
2020-04-19 19:00,10.4,A,2.275,A
2020-04-19 20:00,10.95,A,1.35,A
2020-04-19 21:00,11.125,A,1.4250000000000005,A
2020-04-19 22:00,11.375,A,1.4,A
2020-04-19 23:00,11.75,A,1.8,A
2020-04-20 00:00,11.65,A,1.775,A
2020-04-20 01:00,11.0,A,1.2,A
2020-04-20 02:00,10.25,A,1.375,A
2020-04-20 03:00,9.5,A,1.8000000000000005,A
2020-04-20 04:00,8.799999999999997,A,1.825,A
2020-04-20 05:00,8.025,A,1.5,A
2020-04-20 06:00,7.275,A,1.7,A
2020-04-20 07:00,6.575,A,1.525,A
2020-04-20 08:00,5.9,A,1.325,A
2020-04-20 09:00,5.324999999999998,A,1.4,A
2020-04-20 10:00,4.800000000000002,A,1.75,A
2020-04-20 11:00,4.275,A,1.2000000000000002,A
2020-04-20 12:00,3.7,A,1.275,A
2020-04-20 13:00,3.25,A,1.275,A
2020-04-20 14:00,2.9,A,1.075,A
2020-04-20 15:00,3.35,A,0.875,A
2020-04-20 16:00,4.95,A,0.2499999999999999,A
2020-04-20 17:00,6.9750000000000005,A,0.35,A
2020-04-20 18:00,9.175,A,0.475,A
2020-04-20 19:00,10.975,A,0.75,A
2020-04-20 20:00,11.7,A,0.75,A
2020-04-20 21:00,11.724999999999998,A,0.875,A
2020-04-20 22:00,12.325,A,1.2,A
2020-04-20 23:00,12.875,A,1.475,A
2020-04-21 00:00,12.725,A,1.6999999999999995,A
2020-04-21 01:00,12.1,A,1.85,A
2020-04-21 02:00,11.400000000000002,A,1.975,A
2020-04-21 03:00,10.75,A,2.225,A
2020-04-21 04:00,10.0,A,2.2666666666666666,A
2020-04-21 05:00,9.225,A,2.966666666666667,A
2020-04-21 06:00,8.5,A,3.2000000000000006,A
2020-04-21 07:00,7.75,A,3.325,A
2020-04-21 08:00,7.05,A,2.4333333333333336,A
2020-04-21 09:00,6.4,A,1.7333333333333334,A
2020-04-21 10:00,5.800000000000002,A,,
2020-04-21 11:00,5.25,A,1.5750000000000002,A
2020-04-21 12:00,4.75,A,2.7500000000000004,A
2020-04-21 13:00,4.45,A,1.325,A
2020-04-21 14:00,4.324999999999998,A,1.125,A
2020-04-21 15:00,4.975,A,1.025,A
2020-04-21 16:00,6.525,A,1.1,A
2020-04-21 17:00,8.424999999999999,A,1.9,A
2020-04-21 18:00,10.35,A,2.0,A
2020-04-21 19:00,12.35,A,2.275,A
2020-04-21 20:00,14.075,A,2.5,A
2020-04-21 21:00,15.4,A,1.3,A
2020-04-21 22:00,15.825,A,0.4,A
2020-04-21 23:00,15.750000000000002,A,0.475,A
2020-04-22 00:00,15.125,A,2.475,A
2020-04-22 01:00,14.05,A,1.95,A
2020-04-22 02:00,12.975,A,3.55,A
2020-04-22 03:00,12.025,A,3.2,A
2020-04-22 04:00,11.15,A,2.125,A
2020-04-22 05:00,10.225,A,1.475,A
2020-04-22 06:00,9.4,A,1.275,A
2020-04-22 07:00,8.7,A,1.1,A
2020-04-22 08:00,7.999999999999999,A,1.1749999999999998,A
2020-04-22 09:00,7.324999999999998,A,1.2,A
2020-04-22 10:00,6.699999999999998,A,1.075,A
2020-04-22 11:00,6.1,A,1.35,A
2020-04-22 12:00,5.500000000000001,A,1.875,A
2020-04-22 13:00,5.050000000000002,A,1.6749999999999998,A
2020-04-22 14:00,4.7,A,1.15,A
2020-04-22 15:00,5.125,A,0.975,A
2020-04-22 16:00,6.4,A,0.8750000000000001,A
2020-04-22 17:00,7.975,A,0.925,A
2020-04-22 18:00,9.8,A,0.6000000000000001,A
2020-04-22 19:00,11.55,A,0.5750000000000001,A
2020-04-22 20:00,12.625,A,0.5499999999999999,A
2020-04-22 21:00,12.825,A,0.4,A
2020-04-22 22:00,12.925,A,0.5,A
2020-04-22 23:00,12.65,A,0.5,A
2020-04-23 00:00,12.025,A,0.7749999999999999,A
2020-04-23 01:00,11.400000000000002,A,0.7,A
2020-04-23 02:00,10.775,A,0.8750000000000001,A
2020-04-23 03:00,10.3,A,1.15,A
2020-04-23 04:00,9.85,A,1.325,A
2020-04-23 05:00,9.45,A,1.525,A
2020-04-23 06:00,9.05,A,1.2000000000000002,A
2020-04-23 07:00,8.524999999999999,A,3.4,A
2020-04-23 08:00,8.049999999999999,A,4.025,A
2020-04-23 09:00,7.65,A,5.7,A
2020-04-23 10:00,7.274999999999999,A,1.15,A
2020-04-23 11:00,7.0,A,1.175,A
2020-04-23 12:00,6.725,A,1.4,A
2020-04-23 13:00,6.55,A,0.675,A
2020-04-23 14:00,6.475,A,0.525,A
2020-04-23 15:00,6.800000000000002,A,0.425,A
2020-04-23 16:00,7.425,A,0.1,A
2020-04-23 17:00,8.450000000000001,A,0.1,A
2020-04-23 18:00,9.625,A,0.1999999999999999,A
2020-04-23 19:00,9.975,A,0.525,A
2020-04-23 20:00,10.5,A,0.3,A
2020-04-23 21:00,10.575,A,0.425,A
2020-04-23 22:00,10.875,A,0.65,A
2020-04-23 23:00,11.075,A,0.7,A
2020-04-24 00:00,10.775,A,0.8,A
2020-04-24 01:00,10.25,A,0.625,A
2020-04-24 02:00,9.8,A,0.7999999999999999,A
2020-04-24 03:00,9.35,A,1.35,A
2020-04-24 04:00,8.925,A,1.475,A
2020-04-24 05:00,8.35,A,1.4,A
2020-04-24 06:00,7.85,A,1.35,A
2020-04-24 07:00,7.399999999999999,A,1.275,A
2020-04-24 08:00,6.975,A,1.25,A
2020-04-24 09:00,6.65,A,1.1749999999999998,A
2020-04-24 10:00,6.225,A,1.3,A
2020-04-24 11:00,5.75,A,1.325,A
2020-04-24 12:00,5.449999999999998,A,1.45,A
2020-04-24 13:00,5.199999999999998,A,1.275,A
2020-04-24 14:00,4.975,A,1.025,A
2020-04-24 15:00,5.425,A,0.9,A
2020-04-24 16:00,6.750000000000001,A,0.7000000000000001,A
2020-04-24 17:00,8.2,A,0.675,A
2020-04-24 18:00,9.8,A,0.65,A
2020-04-24 19:00,11.4,A,0.625,A
2020-04-24 20:00,12.2,A,0.6000000000000001,A
2020-04-24 21:00,13.175,A,0.7750000000000001,A
2020-04-24 22:00,14.225,A,0.7249999999999999,A
2020-04-24 23:00,14.225,A,0.825,A
2020-04-25 00:00,13.95,A,0.95,A
2020-04-25 01:00,13.1,A,1.175,A
2020-04-25 02:00,12.225,A,1.425,A
2020-04-25 03:00,11.475,A,1.85,A
2020-04-25 04:00,10.575,A,1.75,A
2020-04-25 05:00,9.65,A,1.725,A
2020-04-25 06:00,8.75,A,1.325,A
2020-04-25 07:00,7.9,A,1.275,A
2020-04-25 08:00,7.05,A,1.3,A
2020-04-25 09:00,6.199999999999998,A,1.1,A
2020-04-25 10:00,5.4750000000000005,A,1.025,A
2020-04-25 11:00,4.85,A,0.95,A
2020-04-25 12:00,4.199999999999998,A,0.95,A
2020-04-25 13:00,3.7,A,0.825,A
2020-04-25 14:00,3.45,A,0.525,A
2020-04-25 15:00,3.975,A,0.675,A
2020-04-25 16:00,5.675000000000002,A,0.4499999999999999,A
2020-04-25 17:00,7.574999999999998,A,1.175,A
2020-04-25 18:00,9.65,A,1.3750000000000002,A
2020-04-25 19:00,11.124999999999998,A,0.45,A
2020-04-25 20:00,11.65,A,0.35,A
2020-04-25 21:00,12.175,A,0.3,A
2020-04-25 22:00,12.075,A,0.2666666666666666,A
2020-04-25 23:00,11.9,A,1.275,A
2020-04-26 00:00,11.75,A,0.675,A
2020-04-26 01:00,11.625,A,0.5,A
2020-04-26 02:00,11.075,A,1.025,A
2020-04-26 03:00,10.5,A,1.2000000000000002,A
2020-04-26 04:00,9.95,A,1.2,A
2020-04-26 05:00,9.55,A,1.2,A
2020-04-26 06:00,9.075,A,1.025,A
2020-04-26 07:00,8.65,A,1.05,A
2020-04-26 08:00,8.200000000000001,A,1.1,A
2020-04-26 09:00,7.75,A,0.975,A
2020-04-26 10:00,7.35,A,0.8999999999999999,A
2020-04-26 11:00,6.95,A,0.925,A
2020-04-26 12:00,6.550000000000002,A,0.925,A
2020-04-26 13:00,6.25,A,0.575,A
2020-04-26 14:00,6.2,A,0.55,A
2020-04-26 15:00,6.45,A,0.425,A
2020-04-26 16:00,7.775,A,1.6,A
2020-04-26 17:00,9.525,A,1.575,A
2020-04-26 18:00,11.325,A,1.6749999999999998,A
2020-04-26 19:00,13.075,A,2.7,A
2020-04-26 20:00,14.575,A,2.0,A
2020-04-26 21:00,15.55,A,1.6,A
2020-04-26 22:00,16.025,A,2.675,A
2020-04-26 23:00,15.95,A,1.0333333333333334,A
2020-04-27 00:00,15.35,A,,
2020-04-27 01:00,14.375,A,1.1,A
2020-04-27 02:00,13.4,A,0.875,A
2020-04-27 03:00,12.475,A,1.375,A
2020-04-27 04:00,11.55,A,1.575,A
2020-04-27 05:00,10.7,A,1.475,A
2020-04-27 06:00,10.0,A,1.4,A
2020-04-27 07:00,9.4,A,1.5750000000000002,A
2020-04-27 08:00,8.875,A,1.55,A
2020-04-27 09:00,8.375,A,1.825,A
2020-04-27 10:00,7.95,A,1.85,A
2020-04-27 11:00,7.475,A,1.625,A
2020-04-27 12:00,7.050000000000002,A,1.825,A
2020-04-27 13:00,6.8,A,1.275,A
2020-04-27 14:00,6.7250000000000005,A,0.8999999999999999,A
2020-04-27 15:00,6.949999999999998,A,1.175,A
2020-04-27 16:00,7.6,A,0.8,A
2020-04-27 17:00,8.325,A,0.8500000000000001,A
2020-04-27 18:00,8.700000000000001,A,0.5,A
2020-04-27 19:00,9.5,A,0.525,A
2020-04-27 20:00,10.425,A,0.9,A
2020-04-27 21:00,11.55,A,1.025,A
2020-04-27 22:00,12.925,A,1.75,A
2020-04-27 23:00,13.8,A,0.95,A
2020-04-28 00:00,13.575,A,1.4,A
2020-04-28 01:00,13.0,A,1.7499999999999998,A
2020-04-28 02:00,12.025,A,1.825,A
2020-04-28 03:00,11.2,A,2.525,A
2020-04-28 04:00,10.474999999999998,A,2.575,A
2020-04-28 05:00,9.85,A,2.675,A
2020-04-28 06:00,9.175,A,1.9,A
2020-04-28 07:00,8.5,A,2.225,A
2020-04-28 08:00,7.9,A,2.375,A
2020-04-28 09:00,7.35,A,1.6,A
2020-04-28 10:00,6.75,A,1.6,A
2020-04-28 11:00,6.1,A,2.05,A
2020-04-28 12:00,5.550000000000002,A,1.375,A
2020-04-28 13:00,5.074999999999998,A,1.175,A
2020-04-28 14:00,4.75,A,2.8000000000000003,A
2020-04-28 15:00,5.25,A,0.775,A
2020-04-28 16:00,6.775,A,1.2500000000000002,A
2020-04-28 17:00,8.65,A,0.975,A
2020-04-28 18:00,10.775,A,1.75,A
2020-04-28 19:00,12.675,A,1.525,A
2020-04-28 20:00,14.275,A,1.025,A
2020-04-28 21:00,15.475,A,2.0500000000000003,A
2020-04-28 22:00,16.15,A,1.6,A
2020-04-28 23:00,16.15,A,1.4,A
2020-04-29 00:00,15.675,A,1.875,A
2020-04-29 01:00,14.825,A,1.5499999999999998,A
2020-04-29 02:00,13.85,A,2.15,A
2020-04-29 03:00,12.9,A,3.025,A
2020-04-29 04:00,12.025,A,2.425,A
2020-04-29 05:00,11.2,A,2.475,A
2020-04-29 06:00,10.4,A,2.6500000000000004,A
2020-04-29 07:00,9.75,A,3.1500000000000004,A
2020-04-29 08:00,9.1,A,2.825,A
2020-04-29 09:00,8.5,A,2.075,A
2020-04-29 10:00,7.95,A,1.925,A
2020-04-29 11:00,7.425,A,2.05,A
2020-04-29 12:00,6.875,A,1.95,A
2020-04-29 13:00,6.45,A,3.4000000000000004,A
2020-04-29 14:00,6.2250000000000005,A,1.5,A
2020-04-29 15:00,6.8500000000000005,A,1.8000000000000005,A
2020-04-29 16:00,8.45,A,1.3250000000000002,A
2020-04-29 17:00,10.5,A,1.225,A
2020-04-29 18:00,12.675,A,1.25,A
2020-04-29 19:00,14.85,A,1.475,A
2020-04-29 20:00,16.625,A,2.05,A
2020-04-29 21:00,17.9,A,2.3000000000000003,A
2020-04-29 22:00,18.025,A,2.575,A
2020-04-29 23:00,17.9,A,2.875,A
2020-04-30 00:00,17.549999999999994,A,2.7,A
2020-04-30 01:00,17.025000000000002,A,3.0500000000000003,A
2020-04-30 02:00,16.3,A,3.2,A
2020-04-30 03:00,15.6,A,4.425,A
2020-04-30 04:00,14.85,A,3.925,A
2020-04-30 05:00,14.275,A,4.1,A
2020-04-30 06:00,13.675,A,4.75,A
2020-04-30 07:00,13.025,A,4.425,A
2020-04-30 08:00,12.45,A,5.15,A
2020-04-30 09:00,11.95,A,4.975,A
2020-04-30 10:00,11.55,A,5.5,A
2020-04-30 11:00,11.125,A,6.15,A
2020-04-30 12:00,10.65,A,5.9750000000000005,A
2020-04-30 13:00,10.2,A,6.675000000000002,A
2020-04-30 14:00,10.025,A,6.1,A
2020-04-30 15:00,10.375,A,6.175000000000002,A
2020-04-30 16:00,11.124999999999998,A,6.875,A
2020-04-30 17:00,11.7,A,9.075,A
2020-04-30 18:00,12.7,A,7.55,A
2020-04-30 19:00,13.525,A,7.975,A
2020-04-30 20:00,14.0,A,9.225,A
2020-04-30 21:00,13.95,A,9.675,A
2020-04-30 22:00,13.575,A,10.65,A
2020-04-30 23:00,13.075,A,14.0,A
2020-05-01 00:00,12.575,A,15.9,A
2020-05-01 01:00,12.05,A,18.825,A
2020-05-01 02:00,11.65,A,20.6,A
2020-05-01 03:00,11.175,A,23.275,A
2020-05-01 04:00,10.625,A,18.175,A
2020-05-01 05:00,10.1,A,15.55,A
2020-05-01 06:00,9.575,A,16.225,A
2020-05-01 07:00,8.974999999999998,A,17.174999999999994,A
2020-05-01 08:00,8.325,A,18.075000000000006,A
2020-05-01 09:00,7.699999999999998,A,19.75,A
2020-05-01 10:00,7.125,A,24.725,A
2020-05-01 11:00,6.625,A,29.925,A
2020-05-01 12:00,6.15,A,33.25,A
2020-05-01 13:00,5.725,A,36.875,A
2020-05-01 14:00,5.475,A,39.77500000000001,A
2020-05-01 15:00,5.95,A,45.3,A
2020-05-01 16:00,7.1,A,48.3,A
2020-05-01 17:00,8.4,A,56.725,A
2020-05-01 18:00,9.45,A,40.85,A
2020-05-01 19:00,10.75,A,22.575000000000006,A
2020-05-01 20:00,12.625,A,19.3,A
2020-05-01 21:00,13.925,A,17.250000000000004,A
2020-05-01 22:00,14.725,A,18.83333333333333,A
2020-05-01 23:00,14.775000000000002,A,16.0,A
2020-05-02 00:00,14.3,A,15.3,A
2020-05-02 01:00,13.35,A,15.225,A
2020-05-02 02:00,12.5,A,13.874999999999998,A
2020-05-02 03:00,11.7,A,22.03333333333333,A
2020-05-02 04:00,10.9,A,21.95,A
2020-05-02 05:00,10.1,A,16.224999999999998,A
2020-05-02 06:00,9.25,A,13.65,A
2020-05-02 07:00,8.4,A,13.025,A
2020-05-02 08:00,7.6,A,15.5,A
2020-05-02 09:00,6.8,A,10.425,A
2020-05-02 10:00,6.075,A,13.45,A
2020-05-02 11:00,5.4,A,12.766666666666666,A
2020-05-02 12:00,4.824999999999998,A,10.575,A
2020-05-02 13:00,4.35,A,11.6,A
2020-05-02 14:00,4.2,A,10.125,A
2020-05-02 15:00,4.725,A,8.45,A
2020-05-02 16:00,6.1,A,10.175,A
2020-05-02 17:00,7.775,A,10.65,A
2020-05-02 18:00,9.575,A,7.65,A
2020-05-02 19:00,11.4,A,8.0,A
2020-05-02 20:00,13.075,A,9.05,A
2020-05-02 21:00,14.45,A,15.475,A
2020-05-02 22:00,15.175,A,8.6,A
2020-05-02 23:00,15.625,A,5.5,A
2020-05-03 00:00,15.55,A,3.8333333333333335,A
2020-05-03 01:00,14.974999999999998,A,10.475,A
2020-05-03 02:00,14.2,A,9.35,A
2020-05-03 03:00,13.25,A,9.275,A
2020-05-03 04:00,12.4,A,11.8,A
2020-05-03 05:00,11.65,A,8.475000000000001,A
2020-05-03 06:00,10.9,A,10.1,A
2020-05-03 07:00,10.25,A,13.05,A
2020-05-03 08:00,9.65,A,11.233333333333334,A
2020-05-03 09:00,9.0,A,10.400000000000002,A
2020-05-03 10:00,8.425,A,9.7,A
2020-05-03 11:00,7.875,A,14.733333333333333,A
2020-05-03 12:00,7.35,A,8.95,A
2020-05-03 13:00,7.125,A,8.149999999999999,A
2020-05-03 14:00,7.124999999999999,A,7.225,A
2020-05-03 15:00,7.399999999999999,A,6.699999999999998,A
2020-05-03 16:00,8.15,A,5.225,A
2020-05-03 17:00,8.475,A,4.775,A
2020-05-03 18:00,8.625,A,3.65,A
2020-05-03 19:00,8.875,A,3.625,A
2020-05-03 20:00,9.425,A,3.05,A
2020-05-03 21:00,11.2,A,2.8,A
2020-05-03 22:00,12.175,A,3.55,A
2020-05-03 23:00,12.475,A,3.5,A
2020-05-04 00:00,12.250000000000002,A,4.375,A
2020-05-04 01:00,11.6,A,7.8,A
2020-05-04 02:00,10.875000000000002,A,4.225,A
2020-05-04 03:00,10.05,A,5.675,A
2020-05-04 04:00,9.05,A,5.55,A
2020-05-04 05:00,8.2,A,5.525,A
2020-05-04 06:00,7.4,A,5.325,A
2020-05-04 07:00,6.674999999999999,A,5.15,A
2020-05-04 08:00,5.925,A,4.775,A
2020-05-04 09:00,5.2,A,4.825000000000001,A
2020-05-04 10:00,4.55,A,5.65,A
2020-05-04 11:00,3.975,A,6.625,A
2020-05-04 12:00,3.5,A,6.775,A
2020-05-04 13:00,3.225,A,5.625,A
2020-05-04 14:00,3.2,A,5.7,A
2020-05-04 15:00,3.875,A,5.6,A
2020-05-04 16:00,5.375,A,6.35,A
2020-05-04 17:00,7.0,A,4.3,A
2020-05-04 18:00,8.575,A,5.2,A
2020-05-04 19:00,9.9,A,4.166666666666667,A
2020-05-04 20:00,11.25,A,3.466666666666667,A
2020-05-04 21:00,12.675,A,5.75,A
2020-05-04 22:00,13.475,A,5.925,A
2020-05-04 23:00,13.575,A,4.7,A
2020-05-05 00:00,13.175,A,5.075,A
2020-05-05 01:00,12.4,A,7.95,A
2020-05-05 02:00,11.475,A,7.574999999999998,A
2020-05-05 03:00,10.55,A,5.574999999999998,A
2020-05-05 04:00,9.55,A,5.366666666666667,A
2020-05-05 05:00,8.5,A,5.400000000000001,A
2020-05-05 06:00,7.55,A,6.2,A
2020-05-05 07:00,6.699999999999998,A,7.1,A
2020-05-05 08:00,6.000000000000001,A,3.4,A
2020-05-05 09:00,5.4,A,3.2,A
2020-05-05 10:00,4.875,A,6.099999999999999,A
2020-05-05 11:00,4.35,A,6.5,A
2020-05-05 12:00,3.825,A,7.5,A
2020-05-05 13:00,3.4000000000000004,A,5.566666666666667,A
2020-05-05 14:00,3.35,A,4.8,A
2020-05-05 15:00,4.075,A,3.0,A
2020-05-05 16:00,5.6000000000000005,A,5.833333333333332,A
2020-05-05 17:00,7.425000000000002,A,3.033333333333333,A
2020-05-05 18:00,9.3,A,6.199999999999998,A
2020-05-05 19:00,11.175,A,4.45,A
2020-05-05 20:00,12.9,A,2.6666666666666665,A
2020-05-05 21:00,14.325,A,4.633333333333334,A
2020-05-05 22:00,15.175,A,6.2333333333333325,A
2020-05-05 23:00,15.625,A,8.05,A
2020-05-06 00:00,15.575,A,6.033333333333334,A
2020-05-06 01:00,15.025,A,8.833333333333334,A
2020-05-06 02:00,14.3,A,5.366666666666667,A
2020-05-06 03:00,13.4,A,5.9,A
2020-05-06 04:00,12.325,A,12.199999999999998,A
2020-05-06 05:00,11.3,A,8.075000000000001,A
2020-05-06 06:00,10.4,A,7.433333333333334,A
2020-05-06 07:00,9.675,A,6.333333333333332,A
2020-05-06 08:00,8.85,A,11.133333333333335,A
2020-05-06 09:00,8.125,A,9.8,A
2020-05-06 10:00,7.425,A,4.333333333333333,A
2020-05-06 11:00,6.800000000000002,A,4.525,A
2020-05-06 12:00,6.25,A,6.7666666666666675,A
2020-05-06 13:00,5.9,A,5.625,A
2020-05-06 14:00,5.8,A,5.2,A
2020-05-06 15:00,6.0,A,5.35,A
2020-05-06 16:00,6.675,A,3.0666666666666664,A
2020-05-06 17:00,7.1000000000000005,A,1.525,A
2020-05-06 18:00,7.85,A,1.775,A
2020-05-06 19:00,9.375,A,2.15,A
2020-05-06 20:00,11.45,A,1.7,A
2020-05-06 21:00,12.225,A,,
2020-05-06 22:00,11.7,A,,
2020-05-06 23:00,11.35,A,,
2020-05-07 00:00,10.7,A,,
2020-05-07 01:00,10.025,A,,
2020-05-07 02:00,9.474999999999998,A,,
2020-05-07 03:00,8.7,A,,
2020-05-07 04:00,7.95,A,,
2020-05-07 05:00,7.399999999999999,A,,
2020-05-07 06:00,6.85,A,,
2020-05-07 07:00,6.375,A,,
2020-05-07 08:00,5.95,A,,
2020-05-07 09:00,5.550000000000002,A,,
2020-05-07 10:00,5.199999999999998,A,,
2020-05-07 11:00,4.875,A,,
2020-05-07 12:00,4.575,A,,
2020-05-07 13:00,4.3500000000000005,A,,
2020-05-07 14:00,4.35,A,,
2020-05-07 15:00,4.625,A,,
2020-05-07 16:00,4.7250000000000005,A,,
2020-05-07 17:00,4.9,A,,
2020-05-07 18:00,5.300000000000002,A,,
2020-05-07 19:00,6.5,A,2.0,A
2020-05-07 20:00,8.149999999999999,A,1.2500000000000002,A
2020-05-07 21:00,9.675,A,0.275,A
2020-05-07 22:00,10.95,A,0.2,A
2020-05-07 23:00,11.95,A,,
2020-05-08 00:00,12.35,A,,
2020-05-08 01:00,12.05,A,,
2020-05-08 02:00,11.625,A,,
2020-05-08 03:00,11.075,A,,
2020-05-08 04:00,10.175,A,1.3333333333333333,A
2020-05-08 05:00,9.3,A,1.45,A
2020-05-08 06:00,8.475,A,0.8666666666666667,A
2020-05-08 07:00,7.674999999999999,A,10.0,A
2020-05-08 08:00,6.95,A,,
2020-05-08 09:00,6.25,A,,
2020-05-08 10:00,5.675000000000002,A,,
2020-05-08 11:00,5.25,A,,
2020-05-08 12:00,4.8,A,,
2020-05-08 13:00,4.55,A,,
2020-05-08 14:00,4.475,A,,
2020-05-08 15:00,4.4,A,,
2020-05-08 16:00,4.4,A,,
2020-05-08 17:00,4.5,A,,
2020-05-08 18:00,5.525,A,,
2020-05-08 19:00,7.225,A,,
2020-05-08 20:00,7.975,A,,
2020-05-08 21:00,9.5,A,0.4,A
2020-05-08 22:00,10.125,A,,
2020-05-08 23:00,10.125,A,,
2020-05-09 00:00,10.1,A,,
2020-05-09 01:00,9.9,A,,
2020-05-09 02:00,9.5,A,,
2020-05-09 03:00,9.15,A,,
2020-05-09 04:00,8.700000000000001,A,,
2020-05-09 05:00,8.049999999999999,A,,
2020-05-09 06:00,7.475,A,,
2020-05-09 07:00,6.925,A,,
2020-05-09 08:00,6.35,A,,
2020-05-09 09:00,5.775,A,,
2020-05-09 10:00,5.199999999999998,A,,
2020-05-09 11:00,4.65,A,,
2020-05-09 12:00,4.15,A,,
2020-05-09 13:00,3.75,A,,
2020-05-09 14:00,3.65,A,,
2020-05-09 15:00,4.325,A,,
2020-05-09 16:00,5.1,A,,
2020-05-09 17:00,7.675000000000002,A,,
2020-05-09 18:00,9.75,A,,
2020-05-09 19:00,11.6,A,,
2020-05-09 20:00,13.25,A,,
2020-05-09 21:00,14.35,A,,
2020-05-09 22:00,14.175,A,,
2020-05-09 23:00,13.875,A,,
2020-05-10 00:00,13.725,A,,
2020-05-10 01:00,13.1,A,,
2020-05-10 02:00,12.25,A,,
2020-05-10 03:00,11.35,A,,
2020-05-10 04:00,10.475,A,,
2020-05-10 05:00,9.7,A,,
2020-05-10 06:00,9.1,A,,
2020-05-10 07:00,8.575,A,,
2020-05-10 08:00,8.075,A,,
2020-05-10 09:00,7.55,A,,
2020-05-10 10:00,6.95,A,,
2020-05-10 11:00,6.375,A,,
2020-05-10 12:00,5.875,A,,
2020-05-10 13:00,5.475,A,,
2020-05-10 14:00,5.425000000000002,A,,
2020-05-10 15:00,5.7,A,,
2020-05-10 16:00,6.3500000000000005,A,,
2020-05-10 17:00,7.65,A,,
2020-05-10 18:00,9.125,A,,
2020-05-10 19:00,10.9,A,,
2020-05-10 20:00,12.425,A,,
2020-05-10 21:00,13.325,A,,
2020-05-10 22:00,13.675,A,,
2020-05-10 23:00,13.7,A,,
2020-05-11 00:00,13.25,A,,
2020-05-11 01:00,12.45,A,,
2020-05-11 02:00,11.525,A,,
2020-05-11 03:00,10.6,A,,
2020-05-11 04:00,9.7,A,,
2020-05-11 05:00,8.925,A,,
2020-05-11 06:00,8.274999999999999,A,,
2020-05-11 07:00,7.575,A,,
2020-05-11 08:00,6.925,A,,
2020-05-11 09:00,6.375,A,,
2020-05-11 10:00,5.9,A,,
2020-05-11 11:00,5.525,A,,
2020-05-11 12:00,5.15,A,,
2020-05-11 13:00,4.8,A,,
2020-05-11 14:00,4.6,A,,
2020-05-11 15:00,4.525,A,,
2020-05-11 16:00,4.65,A,,
2020-05-11 17:00,4.8,A,4.9,A
2020-05-11 18:00,5.699999999999998,A,3.5,A
2020-05-11 19:00,6.325000000000001,A,2.275,A
2020-05-11 20:00,6.675000000000002,A,2.35,A
2020-05-11 21:00,6.7250000000000005,A,1.525,A
2020-05-11 22:00,6.8,A,1.725,A
2020-05-11 23:00,6.975,A,1.875,A
2020-05-12 00:00,7.15,A,2.45,A
2020-05-12 01:00,7.074999999999998,A,3.8,A
2020-05-12 02:00,6.675000000000002,A,3.475,A
2020-05-12 03:00,6.25,A,2.575,A
2020-05-12 04:00,5.75,A,2.95,A
2020-05-12 05:00,5.375,A,2.8,A
2020-05-12 06:00,5.050000000000002,A,2.425,A
2020-05-12 07:00,4.775,A,2.725,A
2020-05-12 08:00,4.45,A,2.725,A
2020-05-12 09:00,4.199999999999998,A,2.8000000000000003,A
2020-05-12 10:00,4.05,A,2.9,A
2020-05-12 11:00,3.85,A,2.725,A
2020-05-12 12:00,3.725,A,2.675,A
2020-05-12 13:00,3.625,A,2.7,A
2020-05-12 14:00,3.7,A,2.0,A
2020-05-12 15:00,3.9,A,3.375,A
2020-05-12 16:00,4.275,A,1.975,A
2020-05-12 17:00,4.95,A,1.6,A
2020-05-12 18:00,5.8,A,1.5750000000000002,A
2020-05-12 19:00,7.225,A,1.45,A
2020-05-12 20:00,9.05,A,2.425,A
2020-05-12 21:00,9.9,A,2.625,A
2020-05-12 22:00,10.45,A,2.225,A
2020-05-12 23:00,10.725,A,2.5,A
2020-05-13 00:00,11.1,A,2.2,A
2020-05-13 01:00,11.025,A,2.425,A
2020-05-13 02:00,10.825,A,2.375,A
2020-05-13 03:00,10.4,A,2.7750000000000004,A
2020-05-13 04:00,9.775,A,3.2750000000000004,A
2020-05-13 05:00,9.2,A,3.35,A
2020-05-13 06:00,8.75,A,3.25,A
2020-05-13 07:00,8.35,A,3.5,A
2020-05-13 08:00,7.975,A,3.325,A
2020-05-13 09:00,7.65,A,3.9,A
2020-05-13 10:00,7.225,A,4.175,A
2020-05-13 11:00,6.8,A,4.300000000000002,A
2020-05-13 12:00,6.475,A,3.975,A
2020-05-13 13:00,6.25,A,3.425,A
2020-05-13 14:00,6.25,A,2.6499999999999995,A
2020-05-13 15:00,6.65,A,2.6,A
2020-05-13 16:00,7.399999999999999,A,2.6,A
2020-05-13 17:00,8.025,A,2.175,A
2020-05-13 18:00,8.450000000000001,A,1.725,A
2020-05-13 19:00,9.6,A,1.975,A
2020-05-13 20:00,10.825,A,1.725,A
2020-05-13 21:00,11.425,A,1.625,A
2020-05-13 22:00,12.05,A,1.825,A
2020-05-13 23:00,12.325,A,2.3,A
2020-05-14 00:00,12.225,A,2.325,A
2020-05-14 01:00,11.75,A,2.2,A
2020-05-14 02:00,11.1,A,2.725,A
2020-05-14 03:00,10.4,A,2.7,A
2020-05-14 04:00,9.675,A,3.0500000000000003,A
2020-05-14 05:00,9.025,A,3.225,A
2020-05-14 06:00,8.375,A,3.2,A
2020-05-14 07:00,7.824999999999998,A,2.95,A
2020-05-14 08:00,7.275,A,2.975,A
2020-05-14 09:00,6.675000000000002,A,3.175,A
2020-05-14 10:00,6.25,A,2.875,A
2020-05-14 11:00,5.75,A,2.8000000000000003,A
2020-05-14 12:00,5.25,A,2.975,A
2020-05-14 13:00,4.9,A,2.9,A
2020-05-14 14:00,4.9,A,2.325,A
2020-05-14 15:00,5.775,A,2.025,A
2020-05-14 16:00,7.175,A,1.95,A
2020-05-14 17:00,8.65,A,1.55,A
2020-05-14 18:00,9.925,A,1.6749999999999998,A
2020-05-14 19:00,12.025,A,1.625,A
2020-05-14 20:00,13.55,A,1.3250000000000002,A
2020-05-14 21:00,15.5,A,1.6,A
2020-05-14 22:00,16.2,A,1.925,A
2020-05-14 23:00,16.225,A,2.0,A
2020-05-15 00:00,15.725,A,2.15,A
2020-05-15 01:00,15.075,A,2.875,A
2020-05-15 02:00,14.075,A,3.05,A
2020-05-15 03:00,13.05,A,2.775,A
2020-05-15 04:00,12.175,A,3.05,A
2020-05-15 05:00,11.3,A,2.875,A
2020-05-15 06:00,10.55,A,3.25,A
2020-05-15 07:00,9.875,A,3.4,A
2020-05-15 08:00,9.175,A,3.55,A
2020-05-15 09:00,8.5,A,3.425,A
2020-05-15 10:00,7.824999999999998,A,3.4,A
2020-05-15 11:00,7.25,A,3.575,A
2020-05-15 12:00,6.875,A,3.3,A
2020-05-15 13:00,6.7,A,2.85,A
2020-05-15 14:00,6.775,A,2.1,A
2020-05-15 15:00,7.274999999999999,A,2.025,A
2020-05-15 16:00,8.55,A,2.225,A
2020-05-15 17:00,9.475,A,2.075,A
2020-05-15 18:00,10.325,A,1.725,A
2020-05-15 19:00,10.625,A,1.9250000000000005,A
2020-05-15 20:00,11.075,A,1.625,A
2020-05-15 21:00,11.375,A,1.75,A
2020-05-15 22:00,11.575,A,1.875,A
2020-05-15 23:00,11.8,A,1.875,A
2020-05-16 00:00,11.725,A,2.075,A
2020-05-16 01:00,11.45,A,2.175,A
2020-05-16 02:00,11.0,A,2.425,A
2020-05-16 03:00,10.45,A,2.325,A
2020-05-16 04:00,9.9,A,2.75,A
2020-05-16 05:00,9.425,A,2.8000000000000003,A
2020-05-16 06:00,8.9,A,3.15,A
2020-05-16 07:00,8.299999999999999,A,2.725,A
2020-05-16 08:00,7.725,A,2.7,A
2020-05-16 09:00,7.175000000000002,A,3.0,A
2020-05-16 10:00,6.65,A,2.9,A
2020-05-16 11:00,6.25,A,3.325,A
2020-05-16 12:00,5.85,A,2.875,A
2020-05-16 13:00,5.575,A,2.55,A
2020-05-16 14:00,5.525,A,2.3000000000000003,A
2020-05-16 15:00,6.175,A,3.850000000000001,A
2020-05-16 16:00,7.699999999999998,A,2.875,A
2020-05-16 17:00,9.575,A,1.575,A
2020-05-16 18:00,11.1,A,1.6,A
2020-05-16 19:00,12.675,A,2.075,A
2020-05-16 20:00,14.525,A,1.875,A
2020-05-16 21:00,15.75,A,1.775,A
2020-05-16 22:00,16.0,A,1.75,A
2020-05-16 23:00,16.2,A,2.225,A
2020-05-17 00:00,16.15,A,2.125,A
2020-05-17 01:00,15.625,A,2.1,A
2020-05-17 02:00,15.1,A,2.625,A
2020-05-17 03:00,14.4,A,2.75,A
2020-05-17 04:00,13.6,A,3.1,A
2020-05-17 05:00,12.8,A,3.3,A
2020-05-17 06:00,12.0,A,3.0,A
2020-05-17 07:00,11.3,A,3.1,A
2020-05-17 08:00,10.65,A,2.925,A
2020-05-17 09:00,10.025,A,2.85,A
2020-05-17 10:00,9.425,A,2.95,A
2020-05-17 11:00,8.75,A,3.125,A
2020-05-17 12:00,8.15,A,2.85,A
2020-05-17 13:00,7.8,A,2.875,A
2020-05-17 14:00,7.824999999999998,A,2.125,A
2020-05-17 15:00,8.375,A,1.9,A
2020-05-17 16:00,9.15,A,1.55,A
2020-05-17 17:00,10.1,A,1.45,A
2020-05-17 18:00,11.525,A,1.5750000000000002,A
2020-05-17 19:00,12.3,A,1.9,A
2020-05-17 20:00,12.7,A,1.775,A
2020-05-17 21:00,13.4,A,1.7,A
2020-05-17 22:00,14.0,A,1.8,A
2020-05-17 23:00,14.925,A,1.9,A
2020-05-18 00:00,15.3,A,2.375,A
2020-05-18 01:00,15.125,A,3.0,A
2020-05-18 02:00,14.6,A,2.575,A
2020-05-18 03:00,13.85,A,2.9000000000000004,A
2020-05-18 04:00,13.2,A,3.075,A
2020-05-18 05:00,12.65,A,3.15,A
2020-05-18 06:00,12.175,A,3.5,A
2020-05-18 07:00,11.8,A,3.25,A
2020-05-18 08:00,11.35,A,3.1,A
2020-05-18 09:00,10.875,A,3.325,A
2020-05-18 10:00,10.325,A,3.425,A
2020-05-18 11:00,9.85,A,3.575,A
2020-05-18 12:00,9.45,A,3.6,A
2020-05-18 13:00,9.225,A,2.9000000000000004,A
2020-05-18 14:00,9.275,A,3.175,A
2020-05-18 15:00,9.7,A,2.475,A
2020-05-18 16:00,10.45,A,2.825,A
2020-05-18 17:00,12.0,A,2.2,A
2020-05-18 18:00,13.95,A,2.4,A
2020-05-18 19:00,15.875,A,2.175,A
2020-05-18 20:00,17.55,A,3.375,A
2020-05-18 21:00,18.5,A,2.9250000000000003,A
2020-05-18 22:00,18.475,A,2.875,A
2020-05-18 23:00,18.3,A,2.75,A
2020-05-19 00:00,18.1,A,2.5,A
2020-05-19 01:00,17.525000000000002,A,3.2750000000000004,A
2020-05-19 02:00,16.925,A,2.7,A
2020-05-19 03:00,16.275,A,4.45,A
2020-05-19 04:00,15.375,A,5.525,A
2020-05-19 05:00,14.474999999999998,A,5.375,A
2020-05-19 06:00,13.775,A,5.775,A
2020-05-19 07:00,13.1,A,6.949999999999998,A
2020-05-19 08:00,12.525,A,7.35,A
2020-05-19 09:00,11.975,A,8.724999999999998,A
2020-05-19 10:00,11.400000000000002,A,9.375,A
2020-05-19 11:00,10.725,A,11.975,A
2020-05-19 12:00,10.075,A,12.05,A
2020-05-19 13:00,9.55,A,12.0,A
2020-05-19 14:00,9.425,A,11.575,A
2020-05-19 15:00,9.975,A,12.425,A
2020-05-19 16:00,10.875,A,13.4,A
2020-05-19 17:00,11.525,A,16.725,A
2020-05-19 18:00,12.4,A,19.325,A
2020-05-19 19:00,13.725,A,20.9,A
2020-05-19 20:00,14.5,A,20.875,A
2020-05-19 21:00,14.075,A,23.050000000000004,A
2020-05-19 22:00,14.225,A,24.375,A
2020-05-19 23:00,14.425,A,25.125,A
2020-05-20 00:00,14.4,A,27.725,A
2020-05-20 01:00,13.8,A,30.3,A
2020-05-20 02:00,13.275,A,30.3,A
2020-05-20 03:00,12.8,A,31.725,A
2020-05-20 04:00,12.175,A,34.425,A
2020-05-20 05:00,11.625,A,36.5,A
2020-05-20 06:00,11.15,A,42.25,A
2020-05-20 07:00,10.725,A,46.55,A
2020-05-20 08:00,10.35,A,50.875,A
2020-05-20 09:00,9.975,A,57.425,A
2020-05-20 10:00,9.65,A,62.375,A
2020-05-20 11:00,9.325,A,65.7,A
2020-05-20 12:00,9.05,A,67.75,A
2020-05-20 13:00,8.8,A,68.725,A
2020-05-20 14:00,8.575,A,72.5,A
2020-05-20 15:00,8.55,A,74.65,A
2020-05-20 16:00,8.725,A,76.7,A
2020-05-20 17:00,9.175,A,76.225,A
2020-05-20 18:00,9.925,A,86.925,A
2020-05-20 19:00,11.4,A,73.30000000000003,A
2020-05-20 20:00,12.975,A,65.6,A
2020-05-20 21:00,13.925,A,59.02500000000001,A
2020-05-20 22:00,13.975,A,54.825,A
2020-05-20 23:00,13.55,A,51.15,A
2020-05-21 00:00,12.974999999999998,A,47.025,A
2020-05-21 01:00,12.3,A,44.0,A
2020-05-21 02:00,11.65,A,42.9,A
2020-05-21 03:00,11.05,A,43.00000000000001,A
2020-05-21 04:00,10.5,A,48.0,A
2020-05-21 05:00,9.95,A,54.375,A
2020-05-21 06:00,9.5,A,64.575,A
2020-05-21 07:00,8.9,A,78.125,A
2020-05-21 08:00,8.274999999999999,A,89.0,A
2020-05-21 09:00,7.65,A,94.05,A
2020-05-21 10:00,7.15,A,95.35,A
2020-05-21 11:00,6.75,A,90.825,A
2020-05-21 12:00,6.325,A,86.32500000000002,A
2020-05-21 13:00,6.1,A,82.65,A
2020-05-21 14:00,6.0,A,76.625,A
2020-05-21 15:00,6.2250000000000005,A,73.92500000000003,A
2020-05-21 16:00,6.425000000000002,A,76.5,A
2020-05-21 17:00,6.75,A,85.9,A
2020-05-21 18:00,7.375,A,94.35,A
2020-05-21 19:00,8.6,A,97.825,A
2020-05-21 20:00,9.85,A,101.15,A
2020-05-21 21:00,10.7,A,100.25,A
2020-05-21 22:00,11.275,A,95.95,A
2020-05-21 23:00,11.250000000000002,A,91.65,A
2020-05-22 00:00,11.1,A,83.85,A
2020-05-22 01:00,10.55,A,74.25,A
2020-05-22 02:00,9.825,A,63.8,A
2020-05-22 03:00,9.15,A,52.625,A
2020-05-22 04:00,8.549999999999999,A,44.5,A
2020-05-22 05:00,8.049999999999999,A,41.02500000000001,A
2020-05-22 06:00,7.65,A,38.55,A
2020-05-22 07:00,7.25,A,37.925,A
2020-05-22 08:00,6.699999999999998,A,36.4,A
2020-05-22 09:00,6.1,A,34.52500000000001,A
2020-05-22 10:00,5.574999999999998,A,34.05,A
2020-05-22 11:00,5.050000000000002,A,32.599999999999994,A
2020-05-22 12:00,4.65,A,30.525,A
2020-05-22 13:00,4.3500000000000005,A,29.05,A
2020-05-22 14:00,4.375,A,26.575,A
2020-05-22 15:00,5.025,A,25.975,A
2020-05-22 16:00,6.000000000000001,A,24.3,A
2020-05-22 17:00,6.85,A,24.0,A
2020-05-22 18:00,8.3,A,23.4,A
2020-05-22 19:00,9.85,A,22.5,A
2020-05-22 20:00,11.2,A,22.0,A
2020-05-22 21:00,12.3,A,20.975,A
2020-05-22 22:00,12.95,A,21.875,A
2020-05-22 23:00,13.375,A,27.325,A
2020-05-23 00:00,13.425,A,25.250000000000004,A
2020-05-23 01:00,12.85,A,23.375,A
2020-05-23 02:00,12.1,A,23.275,A
2020-05-23 03:00,11.325,A,22.200000000000006,A
2020-05-23 04:00,10.55,A,21.65,A
2020-05-23 05:00,9.8,A,22.1,A
2020-05-23 06:00,9.0,A,20.55,A
2020-05-23 07:00,8.225,A,20.275,A
2020-05-23 08:00,7.55,A,19.075,A
2020-05-23 09:00,6.95,A,18.475,A
2020-05-23 10:00,6.324999999999998,A,17.200000000000006,A
2020-05-23 11:00,5.725,A,16.275,A
2020-05-23 12:00,5.25,A,15.95,A
2020-05-23 13:00,4.95,A,15.475,A
2020-05-23 14:00,4.9,A,13.875,A
2020-05-23 15:00,5.0,A,12.7,A
2020-05-23 16:00,5.425,A,12.225,A
2020-05-23 17:00,6.3500000000000005,A,12.75,A
2020-05-23 18:00,7.35,A,13.8,A
2020-05-23 19:00,8.125,A,14.724999999999998,A
2020-05-23 20:00,8.75,A,14.225,A
2020-05-23 21:00,9.125,A,14.225,A
2020-05-23 22:00,9.225,A,15.35,A
2020-05-23 23:00,9.25,A,14.525,A
2020-05-24 00:00,9.225,A,13.975,A
2020-05-24 01:00,8.975,A,12.575,A
2020-05-24 02:00,8.65,A,12.7,A
2020-05-24 03:00,8.25,A,14.25,A
2020-05-24 04:00,7.95,A,15.35,A
2020-05-24 05:00,7.550000000000002,A,15.95,A
2020-05-24 06:00,7.25,A,16.075,A
2020-05-24 07:00,6.925,A,17.725,A
2020-05-24 08:00,6.675000000000002,A,17.650000000000006,A
2020-05-24 09:00,6.4,A,17.450000000000006,A
2020-05-24 10:00,6.199999999999998,A,17.975,A
2020-05-24 11:00,6.05,A,17.474999999999998,A
2020-05-24 12:00,5.875000000000001,A,15.975,A
2020-05-24 13:00,5.8,A,14.725,A
2020-05-24 14:00,5.85,A,14.175,A
2020-05-24 15:00,6.25,A,13.5,A
2020-05-24 16:00,7.1,A,12.3,A
2020-05-24 17:00,7.925,A,12.125,A
2020-05-24 18:00,8.475000000000001,A,12.025,A
2020-05-24 19:00,9.425,A,12.975,A
2020-05-24 20:00,10.55,A,12.075,A
2020-05-24 21:00,11.025,A,12.075,A
2020-05-24 22:00,11.0,A,11.7,A
2020-05-24 23:00,10.85,A,11.475,A
2020-05-25 00:00,10.6,A,12.05,A
2020-05-25 01:00,10.325,A,11.475,A
2020-05-25 02:00,10.05,A,10.85,A
2020-05-25 03:00,9.7,A,11.425,A
2020-05-25 04:00,9.05,A,12.925,A
2020-05-25 05:00,8.45,A,12.775000000000002,A
2020-05-25 06:00,7.775,A,12.3,A
2020-05-25 07:00,7.15,A,11.95,A
2020-05-25 08:00,6.55,A,11.625,A
2020-05-25 09:00,6.000000000000001,A,10.775,A
2020-05-25 10:00,5.550000000000002,A,10.675,A
2020-05-25 11:00,5.15,A,10.425,A
2020-05-25 12:00,4.75,A,10.0,A
2020-05-25 13:00,4.45,A,9.9,A
2020-05-25 14:00,4.5,A,9.175,A
2020-05-25 15:00,5.45,A,8.425,A
2020-05-25 16:00,6.824999999999998,A,8.299999999999999,A
2020-05-25 17:00,8.425,A,9.35,A
2020-05-25 18:00,10.225,A,9.35,A
2020-05-25 19:00,12.075,A,10.6,A
2020-05-25 20:00,13.650000000000002,A,10.35,A
2020-05-25 21:00,14.825,A,10.225,A
2020-05-25 22:00,15.625,A,10.275,A
2020-05-25 23:00,15.975,A,10.1,A
2020-05-26 00:00,15.825,A,11.45,A
2020-05-26 01:00,15.325,A,10.325,A
2020-05-26 02:00,14.5,A,10.775,A
2020-05-26 03:00,13.575,A,10.675,A
2020-05-26 04:00,12.775,A,11.675,A
2020-05-26 05:00,12.05,A,11.8,A
2020-05-26 06:00,11.400000000000002,A,13.075,A
2020-05-26 07:00,10.85,A,13.25,A
2020-05-26 08:00,10.35,A,13.475,A
2020-05-26 09:00,9.95,A,13.75,A
2020-05-26 10:00,9.475,A,13.6,A
2020-05-26 11:00,9.025,A,13.4,A
2020-05-26 12:00,8.549999999999999,A,12.8,A
2020-05-26 13:00,8.25,A,11.875,A
2020-05-26 14:00,8.325,A,12.95,A
2020-05-26 15:00,8.975000000000003,A,11.925,A
2020-05-26 16:00,9.8,A,10.9,A
2020-05-26 17:00,10.675,A,10.675,A
2020-05-26 18:00,12.275,A,10.975,A
2020-05-26 19:00,13.7,A,10.875,A
2020-05-26 20:00,14.825,A,10.475,A
2020-05-26 21:00,15.825,A,10.275,A
2020-05-26 22:00,16.75,A,11.45,A
2020-05-26 23:00,17.1,A,11.55,A
2020-05-27 00:00,16.75,A,11.75,A
2020-05-27 01:00,16.025000000000002,A,11.225,A
2020-05-27 02:00,15.15,A,11.75,A
2020-05-27 03:00,14.15,A,11.4,A
2020-05-27 04:00,13.225,A,13.95,A
2020-05-27 05:00,12.25,A,14.975,A
2020-05-27 06:00,11.35,A,17.275,A
2020-05-27 07:00,10.5,A,18.725,A
2020-05-27 08:00,9.7,A,21.325,A
2020-05-27 09:00,8.9,A,23.375,A
2020-05-27 10:00,8.2,A,26.15,A
2020-05-27 11:00,7.475,A,25.25,A
2020-05-27 12:00,6.875,A,23.375,A
2020-05-27 13:00,6.5,A,22.200000000000006,A
2020-05-27 14:00,6.5,A,20.525,A
2020-05-27 15:00,7.2,A,18.4,A
2020-05-27 16:00,8.15,A,18.275,A
2020-05-27 17:00,9.275,A,17.450000000000006,A
2020-05-27 18:00,10.775,A,17.9,A
2020-05-27 19:00,12.45,A,17.025,A
2020-05-27 20:00,13.75,A,15.15,A
2020-05-27 21:00,14.6,A,15.5,A
2020-05-27 22:00,15.4,A,15.075,A
2020-05-27 23:00,15.95,A,15.725,A
2020-05-28 00:00,15.95,A,15.3,A
2020-05-28 01:00,15.375000000000002,A,15.175,A
2020-05-28 02:00,14.6,A,16.425,A
2020-05-28 03:00,13.75,A,16.075,A
2020-05-28 04:00,12.775,A,20.55,A
2020-05-28 05:00,11.85,A,18.800000000000004,A
2020-05-28 06:00,10.925,A,19.6,A
2020-05-28 07:00,10.1,A,20.3,A
2020-05-28 08:00,9.225,A,22.5,A
2020-05-28 09:00,8.425,A,23.775,A
2020-05-28 10:00,7.725,A,24.15,A
2020-05-28 11:00,7.074999999999998,A,24.725,A
2020-05-28 12:00,6.65,A,26.73333333333333,A
2020-05-28 13:00,6.4,A,21.775,A
2020-05-28 14:00,6.375,A,20.275,A
2020-05-28 15:00,6.925,A,20.325,A
2020-05-28 16:00,7.949999999999998,A,20.025,A
2020-05-28 17:00,9.3,A,19.4,A
2020-05-28 18:00,10.75,A,19.775,A
2020-05-28 19:00,12.150000000000002,A,20.450000000000006,A
2020-05-28 20:00,13.525,A,19.175,A
2020-05-28 21:00,14.8,A,18.55,A
2020-05-28 22:00,15.55,A,19.625,A
2020-05-28 23:00,15.6,A,21.4,A
2020-05-29 00:00,15.325,A,18.625,A
2020-05-29 01:00,14.875000000000002,A,19.225,A
2020-05-29 02:00,14.2,A,16.775,A
2020-05-29 03:00,13.45,A,17.425,A
2020-05-29 04:00,12.7,A,21.8,A
2020-05-29 05:00,11.8,A,20.7,A
2020-05-29 06:00,11.025,A,21.35,A
2020-05-29 07:00,10.45,A,23.375,A
2020-05-29 08:00,9.95,A,25.425,A
2020-05-29 09:00,9.35,A,27.075,A
2020-05-29 10:00,8.700000000000001,A,29.35,A
2020-05-29 11:00,8.049999999999999,A,30.800000000000004,A
2020-05-29 12:00,7.500000000000001,A,28.275,A
2020-05-29 13:00,7.15,A,29.75,A
2020-05-29 14:00,7.225,A,31.375,A
2020-05-29 15:00,7.574999999999998,A,29.75,A
2020-05-29 16:00,8.524999999999999,A,27.075,A
2020-05-29 17:00,9.125,A,25.1,A
2020-05-29 18:00,9.975,A,26.3,A
2020-05-29 19:00,10.7,A,25.325,A
2020-05-29 20:00,11.225,A,27.95,A
2020-05-29 21:00,11.7,A,28.625,A
2020-05-29 22:00,12.3,A,26.7,A
2020-05-29 23:00,12.825,A,28.2,A
2020-05-30 00:00,13.025,A,29.45,A
2020-05-30 01:00,13.125,A,28.925,A
2020-05-30 02:00,12.875,A,31.75,A
2020-05-30 03:00,12.425,A,36.025,A
2020-05-30 04:00,11.8,A,32.575,A
2020-05-30 05:00,11.325,A,34.725,A
2020-05-30 06:00,10.725,A,35.825,A
2020-05-30 07:00,10.15,A,40.6,A
2020-05-30 08:00,9.55,A,45.325,A
2020-05-30 09:00,8.875,A,50.925,A
2020-05-30 10:00,8.225,A,57.3,A
2020-05-30 11:00,7.625,A,58.5,A
2020-05-30 12:00,7.175000000000002,A,56.975,A
2020-05-30 13:00,6.925000000000002,A,55.9,A
2020-05-30 14:00,7.05,A,54.05,A
2020-05-30 15:00,7.7,A,54.575,A
2020-05-30 16:00,8.725,A,55.52499999999999,A
2020-05-30 17:00,10.025,A,54.475,A
2020-05-30 18:00,11.575,A,54.625,A
2020-05-30 19:00,13.1,A,55.425,A
2020-05-30 20:00,14.55,A,53.475,A
2020-05-30 21:00,15.624999999999998,A,54.4,A
2020-05-30 22:00,16.325000000000006,A,52.925,A
2020-05-30 23:00,16.75,A,55.02500000000001,A
2020-05-31 00:00,17.075000000000006,A,50.925,A
2020-05-31 01:00,16.799999999999994,A,45.825,A
2020-05-31 02:00,16.2,A,42.875,A
2020-05-31 03:00,15.4,A,46.525,A
2020-05-31 04:00,14.525,A,56.95,A
2020-05-31 05:00,13.675,A,68.225,A
2020-05-31 06:00,12.75,A,86.275,A
2020-05-31 07:00,11.9,A,107.0,A
2020-05-31 08:00,11.15,A,108.5,A
2020-05-31 09:00,10.575,A,123.75,A
2020-05-31 10:00,10.15,A,129.5,A
2020-05-31 11:00,9.9,A,135.25,A
2020-05-31 12:00,9.675,A,118.75,A
2020-05-31 13:00,9.425,A,114.5,A
2020-05-31 14:00,9.375,A,109.75,A
2020-05-31 15:00,9.65,A,103.7,A
2020-05-31 16:00,10.25,A,101.45,A
2020-05-31 17:00,10.9,A,88.72500000000002,A
2020-05-31 18:00,11.85,A,81.475,A
2020-05-31 19:00,12.45,A,80.15,A
2020-05-31 20:00,13.175,A,70.975,A
2020-05-31 21:00,13.9,A,66.10000000000001,A
2020-05-31 22:00,14.475,A,60.375,A
2020-05-31 23:00,14.9,A,57.375,A
2020-06-01 00:00,15.075,A,53.825,A
2020-06-01 01:00,14.875,A,52.075,A
2020-06-01 02:00,14.35,A,49.825,A
2020-06-01 03:00,13.6,A,46.275,A
2020-06-01 04:00,12.8,A,48.2,A
2020-06-01 05:00,11.95,A,46.76666666666667,A
2020-06-01 06:00,11.125,A,53.1,A
2020-06-01 07:00,10.4,A,51.45,A
2020-06-01 08:00,9.7,A,51.15000000000001,A
2020-06-01 09:00,9.1,A,44.46666666666666,A
2020-06-01 10:00,8.575,A,50.725,A
2020-06-01 11:00,8.1,A,46.8,A
2020-06-01 12:00,7.75,A,40.325,A
2020-06-01 13:00,7.55,A,40.90000000000001,A
2020-06-01 14:00,7.550000000000002,A,40.5,A
2020-06-01 15:00,7.85,A,43.325,A
2020-06-01 16:00,8.375,A,41.125,A
2020-06-01 17:00,9.05,A,39.2,A
2020-06-01 18:00,10.15,A,38.375,A
2020-06-01 19:00,11.425,A,36.3,A
2020-06-01 20:00,12.7,A,33.725,A
2020-06-01 21:00,13.7,A,35.375,A
2020-06-01 22:00,14.175,A,34.775,A
2020-06-01 23:00,14.125,A,37.15000000000001,A
2020-06-02 00:00,13.825,A,37.2,A
2020-06-02 01:00,13.275,A,38.875,A
2020-06-02 02:00,12.65,A,36.35,A
2020-06-02 03:00,12.05,A,32.575,A
2020-06-02 04:00,11.45,A,33.625,A
2020-06-02 05:00,10.85,A,32.075,A
2020-06-02 06:00,10.275,A,30.35,A
2020-06-02 07:00,9.7,A,31.625,A
2020-06-02 08:00,9.2,A,30.825,A
2020-06-02 09:00,8.65,A,30.6,A
2020-06-02 10:00,8.125,A,29.4,A
2020-06-02 11:00,7.65,A,27.9,A
2020-06-02 12:00,7.199999999999998,A,26.1,A
2020-06-02 13:00,6.875,A,25.225,A
2020-06-02 14:00,6.949999999999998,A,24.3,A
2020-06-02 15:00,7.45,A,24.325,A
2020-06-02 16:00,8.25,A,23.575000000000006,A
2020-06-02 17:00,9.325,A,22.375,A
2020-06-02 18:00,10.55,A,22.575,A
2020-06-02 19:00,11.775,A,21.575000000000006,A
2020-06-02 20:00,13.0,A,20.35,A
2020-06-02 21:00,14.075,A,20.8,A
2020-06-02 22:00,14.825,A,20.075,A
2020-06-02 23:00,15.1,A,20.7,A
2020-06-03 00:00,14.925,A,20.65,A
2020-06-03 01:00,14.475,A,20.475,A
2020-06-03 02:00,13.875000000000002,A,20.05,A
2020-06-03 03:00,13.2,A,20.525,A
2020-06-03 04:00,12.375,A,21.0,A
2020-06-03 05:00,11.5,A,22.6,A
2020-06-03 06:00,10.775,A,21.225,A
2020-06-03 07:00,10.05,A,21.15,A
2020-06-03 08:00,9.4,A,20.675,A
2020-06-03 09:00,8.825,A,20.975,A
2020-06-03 10:00,8.325,A,20.65,A
2020-06-03 11:00,7.85,A,20.55,A
2020-06-03 12:00,7.550000000000002,A,19.0,A
2020-06-03 13:00,7.3,A,17.5,A
2020-06-03 14:00,7.324999999999998,A,16.724999999999998,A
2020-06-03 15:00,7.525,A,15.575,A
2020-06-03 16:00,7.85,A,15.45,A
2020-06-03 17:00,8.325,A,15.225,A
2020-06-03 18:00,9.15,A,15.375,A
2020-06-03 19:00,9.85,A,15.65,A
2020-06-03 20:00,10.35,A,15.15,A
2020-06-03 21:00,11.075,A,15.65,A
2020-06-03 22:00,12.025000000000002,A,14.85,A
2020-06-03 23:00,12.7,A,15.3,A
2020-06-04 00:00,13.375,A,15.175,A
2020-06-04 01:00,13.325,A,15.775,A
2020-06-04 02:00,12.8,A,17.400000000000002,A
2020-06-04 03:00,12.1,A,16.55,A
2020-06-04 04:00,11.400000000000002,A,15.975,A
2020-06-04 05:00,10.8,A,16.525,A
2020-06-04 06:00,10.2,A,15.95,A
2020-06-04 07:00,9.625,A,16.325000000000006,A
2020-06-04 08:00,9.15,A,15.85,A
2020-06-04 09:00,8.725000000000001,A,15.725,A
2020-06-04 10:00,8.35,A,16.125,A
2020-06-04 11:00,8.025,A,15.125,A
2020-06-04 12:00,7.8,A,15.275,A
2020-06-04 13:00,7.65,A,14.475,A
2020-06-04 14:00,7.7,A,14.075,A
2020-06-04 15:00,7.875,A,14.125,A
2020-06-04 16:00,8.175,A,14.8,A
2020-06-04 17:00,8.375,A,14.275,A
2020-06-04 18:00,8.725000000000001,A,13.0,A
2020-06-04 19:00,9.4,A,12.9,A
2020-06-04 20:00,10.55,A,12.975,A
2020-06-04 21:00,11.55,A,13.6,A
2020-06-04 22:00,12.325,A,14.325,A
2020-06-04 23:00,13.0,A,14.125,A
2020-06-05 00:00,13.225,A,14.925,A
2020-06-05 01:00,12.95,A,15.85,A
2020-06-05 02:00,12.55,A,14.925,A
2020-06-05 03:00,12.0,A,13.675,A
2020-06-05 04:00,11.35,A,15.0,A
2020-06-05 05:00,10.75,A,14.525000000000002,A
2020-06-05 06:00,10.2,A,14.6,A
2020-06-05 07:00,9.575,A,13.875,A
2020-06-05 08:00,8.95,A,13.825,A
2020-06-05 09:00,8.375,A,13.75,A
2020-06-05 10:00,7.85,A,12.7,A
2020-06-05 11:00,7.35,A,12.475,A
2020-06-05 12:00,6.95,A,12.3,A
2020-06-05 13:00,6.65,A,11.575,A
2020-06-05 14:00,6.75,A,11.95,A
2020-06-05 15:00,7.300000000000002,A,11.1,A
2020-06-05 16:00,8.05,A,10.8,A
2020-06-05 17:00,8.825,A,11.375,A
2020-06-05 18:00,9.825,A,11.825,A
2020-06-05 19:00,10.725,A,11.875,A
2020-06-05 20:00,12.05,A,12.175,A
2020-06-05 21:00,13.275,A,12.925,A
2020-06-05 22:00,14.075,A,12.175,A
2020-06-05 23:00,14.475,A,11.975,A
2020-06-06 00:00,14.6,A,11.85,A
2020-06-06 01:00,14.35,A,13.075,A
2020-06-06 02:00,14.05,A,14.65,A
2020-06-06 03:00,13.625,A,14.5,A
2020-06-06 04:00,13.15,A,13.6,A
2020-06-06 05:00,12.675,A,14.575,A
2020-06-06 06:00,12.225,A,14.95,A
2020-06-06 07:00,11.85,A,14.725,A
2020-06-06 08:00,11.45,A,14.825,A
2020-06-06 09:00,10.975,A,15.2,A
2020-06-06 10:00,10.55,A,15.525,A
2020-06-06 11:00,10.125,A,14.375,A
2020-06-06 12:00,9.675,A,13.775,A
2020-06-06 13:00,9.425,A,13.35,A
2020-06-06 14:00,9.4,A,14.175,A
2020-06-06 15:00,9.8,A,13.25,A
2020-06-06 16:00,10.3,A,12.3,A
2020-06-06 17:00,10.749999999999998,A,12.075,A
2020-06-06 18:00,11.249999999999998,A,11.7,A
2020-06-06 19:00,11.65,A,12.075,A
2020-06-06 20:00,11.9,A,11.1,A
2020-06-06 21:00,12.0,A,10.725,A
2020-06-06 22:00,11.95,A,10.25,A
2020-06-06 23:00,11.7,A,11.675,A
2020-06-07 00:00,11.55,A,12.675,A
2020-06-07 01:00,11.3,A,14.825,A
2020-06-07 02:00,11.025,A,16.45,A
2020-06-07 03:00,10.65,A,19.425,A
2020-06-07 04:00,10.325,A,24.225,A
2020-06-07 05:00,9.95,A,31.8,A
2020-06-07 06:00,9.625,A,32.3,A
2020-06-07 07:00,9.35,A,27.375,A
2020-06-07 08:00,9.1,A,23.45,A
2020-06-07 09:00,8.825,A,21.075,A
2020-06-07 10:00,8.575,A,22.3,A
2020-06-07 11:00,8.325,A,21.675000000000004,A
2020-06-07 12:00,8.1,A,20.625,A
2020-06-07 13:00,7.85,A,21.675,A
2020-06-07 14:00,7.875,A,18.3,A
2020-06-07 15:00,8.225000000000001,A,17.775,A
2020-06-07 16:00,8.925,A,14.625,A
2020-06-07 17:00,9.375,A,14.325,A
2020-06-07 18:00,9.75,A,13.85,A
2020-06-07 19:00,10.025,A,13.775,A
2020-06-07 20:00,11.0,A,13.125,A
2020-06-07 21:00,11.85,A,13.35,A
2020-06-07 22:00,12.224999999999998,A,11.675,A
2020-06-07 23:00,12.275000000000002,A,11.4,A
2020-06-08 00:00,12.05,A,11.95,A
2020-06-08 01:00,11.575,A,12.1,A
2020-06-08 02:00,11.025,A,12.1,A
2020-06-08 03:00,10.35,A,11.8,A
2020-06-08 04:00,9.775,A,12.075,A
2020-06-08 05:00,9.25,A,12.575,A
2020-06-08 06:00,8.85,A,11.075,A
2020-06-08 07:00,8.45,A,10.7,A
2020-06-08 08:00,8.15,A,10.25,A
2020-06-08 09:00,7.75,A,10.25,A
2020-06-08 10:00,7.45,A,11.1,A
2020-06-08 11:00,7.175000000000002,A,9.875,A
2020-06-08 12:00,7.0,A,9.675,A
2020-06-08 13:00,6.9,A,9.2,A
2020-06-08 14:00,6.8500000000000005,A,9.625,A
2020-06-08 15:00,6.85,A,8.875,A
2020-06-08 16:00,7.175,A,8.175,A
2020-06-08 17:00,7.425000000000002,A,9.2,A
2020-06-08 18:00,7.75,A,8.674999999999999,A
2020-06-08 19:00,8.125,A,9.55,A
2020-06-08 20:00,8.875,A,8.575,A
2020-06-08 21:00,9.5,A,8.549999999999999,A
2020-06-08 22:00,9.7,A,8.775,A
2020-06-08 23:00,9.8,A,9.125,A
2020-06-09 00:00,9.85,A,8.825,A
2020-06-09 01:00,9.525,A,9.65,A
2020-06-09 02:00,9.175,A,10.825,A
2020-06-09 03:00,8.899999999999997,A,10.4,A
2020-06-09 04:00,8.65,A,9.775,A
2020-06-09 05:00,8.25,A,9.025,A
2020-06-09 06:00,7.725,A,9.5,A
2020-06-09 07:00,7.25,A,10.475,A
2020-06-09 08:00,6.825,A,8.600000000000001,A
2020-06-09 09:00,6.35,A,9.075,A
2020-06-09 10:00,5.95,A,8.225,A
2020-06-09 11:00,5.65,A,8.325,A
2020-06-09 12:00,5.4,A,8.35,A
2020-06-09 13:00,5.25,A,7.525,A
2020-06-09 14:00,5.4,A,7.375,A
2020-06-09 15:00,6.000000000000001,A,7.199999999999998,A
2020-06-09 16:00,6.825,A,7.225,A
2020-06-09 17:00,7.949999999999998,A,7.425,A
2020-06-09 18:00,9.15,A,7.275,A
2020-06-09 19:00,10.45,A,7.9,A
2020-06-09 20:00,11.624999999999998,A,8.025,A
2020-06-09 21:00,12.325,A,8.025,A
2020-06-09 22:00,12.749999999999998,A,8.25,A
2020-06-09 23:00,12.875,A,8.75,A
2020-06-10 00:00,12.4,A,8.8,A
2020-06-10 01:00,11.775,A,8.375,A
2020-06-10 02:00,11.175,A,8.725,A
2020-06-10 03:00,10.45,A,8.425,A
2020-06-10 04:00,9.875,A,9.075,A
2020-06-10 05:00,9.35,A,8.575,A
2020-06-10 06:00,8.95,A,8.7,A
2020-06-10 07:00,8.549999999999999,A,8.9,A
2020-06-10 08:00,8.25,A,8.5,A
2020-06-10 09:00,7.9,A,8.325,A
2020-06-10 10:00,7.699999999999998,A,7.825000000000001,A
2020-06-10 11:00,7.449999999999998,A,8.65,A
2020-06-10 12:00,7.25,A,6.775,A
2020-06-10 13:00,7.2,A,7.15,A
2020-06-10 14:00,7.300000000000002,A,6.725,A
2020-06-10 15:00,7.575,A,6.325,A
2020-06-10 16:00,7.800000000000002,A,6.375,A
2020-06-10 17:00,8.05,A,5.7,A
2020-06-10 18:00,8.725,A,5.85,A
2020-06-10 19:00,10.225,A,5.9,A
2020-06-10 20:00,11.85,A,6.875,A
2020-06-10 21:00,13.3,A,7.7,A
2020-06-10 22:00,14.375,A,7.950000000000001,A
2020-06-10 23:00,14.975,A,8.175,A
2020-06-11 00:00,15.075,A,9.525,A
2020-06-11 01:00,14.675,A,9.25,A
2020-06-11 02:00,14.125,A,8.850000000000003,A
2020-06-11 03:00,13.375,A,8.325,A
2020-06-11 04:00,12.5,A,9.075,A
2020-06-11 05:00,11.7,A,9.75,A
2020-06-11 06:00,10.9,A,9.675,A
2020-06-11 07:00,10.15,A,10.375,A
2020-06-11 08:00,9.5,A,9.4,A
2020-06-11 09:00,8.9,A,8.925,A
2020-06-11 10:00,8.375,A,8.875,A
2020-06-11 11:00,7.875,A,8.899999999999997,A
2020-06-11 12:00,7.45,A,7.9,A
2020-06-11 13:00,7.15,A,7.8,A
2020-06-11 14:00,7.225,A,7.4,A
2020-06-11 15:00,7.925,A,6.824999999999998,A
2020-06-11 16:00,8.975,A,6.175000000000002,A
2020-06-11 17:00,10.325,A,6.9,A
2020-06-11 18:00,11.825,A,5.875,A
2020-06-11 19:00,13.35,A,6.249999999999999,A
2020-06-11 20:00,14.825,A,6.875,A
2020-06-11 21:00,15.925,A,7.45,A
2020-06-11 22:00,16.875,A,7.3,A
2020-06-11 23:00,17.525,A,7.35,A
2020-06-12 00:00,17.425,A,7.375,A
2020-06-12 01:00,16.875,A,7.925000000000002,A
2020-06-12 02:00,16.2,A,7.725,A
2020-06-12 03:00,15.3,A,7.824999999999998,A
2020-06-12 04:00,14.425,A,9.025,A
2020-06-12 05:00,13.5,A,8.9,A
2020-06-12 06:00,12.7,A,9.375,A
2020-06-12 07:00,12.075,A,8.850000000000003,A
2020-06-12 08:00,11.5,A,8.8,A
2020-06-12 09:00,11.0,A,9.25,A
2020-06-12 10:00,10.55,A,9.275,A
2020-06-12 11:00,10.15,A,8.65,A
2020-06-12 12:00,9.75,A,8.575,A
2020-06-12 13:00,9.55,A,7.625,A
2020-06-12 14:00,9.575,A,7.300000000000002,A
2020-06-12 15:00,9.875,A,6.925,A
2020-06-12 16:00,10.6,A,6.65,A
2020-06-12 17:00,11.575,A,6.9,A
2020-06-12 18:00,12.85,A,6.425,A
2020-06-12 19:00,14.225,A,6.15,A
2020-06-12 20:00,15.625,A,6.75,A
2020-06-12 21:00,16.875,A,7.6,A
2020-06-12 22:00,17.674999999999994,A,7.025,A
2020-06-12 23:00,17.924999999999994,A,6.925,A
2020-06-13 00:00,17.75,A,6.7,A
2020-06-13 01:00,17.35,A,7.875,A
2020-06-13 02:00,16.775,A,7.725,A
2020-06-13 03:00,15.925,A,7.95,A
2020-06-13 04:00,15.0,A,9.75,A
2020-06-13 05:00,14.075,A,9.725,A
2020-06-13 06:00,13.2,A,9.675,A
2020-06-13 07:00,12.4,A,10.8,A
2020-06-13 08:00,11.7,A,10.425,A
2020-06-13 09:00,11.1,A,10.85,A
2020-06-13 10:00,10.575,A,10.025,A
2020-06-13 11:00,10.15,A,10.025,A
2020-06-13 12:00,9.75,A,8.975,A
2020-06-13 13:00,9.525,A,8.25,A
2020-06-13 14:00,9.4,A,7.725,A
2020-06-13 15:00,9.8,A,8.05,A
2020-06-13 16:00,10.875,A,6.999999999999999,A
2020-06-13 17:00,12.325,A,7.825,A
2020-06-13 18:00,13.9,A,8.55,A
2020-06-13 19:00,15.475,A,7.725,A
2020-06-13 20:00,16.825,A,8.700000000000001,A
2020-06-13 21:00,17.75,A,8.925,A
2020-06-13 22:00,18.45,A,7.6,A
2020-06-13 23:00,18.625,A,9.525,A
2020-06-14 00:00,18.125,A,11.425,A
2020-06-14 01:00,17.325,A,12.975,A
2020-06-14 02:00,16.325000000000006,A,9.975,A
2020-06-14 03:00,15.275,A,12.6,A
2020-06-14 04:00,14.225,A,,
2020-06-14 05:00,13.25,A,,
2020-06-14 06:00,12.4,A,,
2020-06-14 07:00,11.625,A,,
2020-06-14 08:00,10.925,A,,
2020-06-14 09:00,10.325,A,,
2020-06-14 10:00,9.8,A,,
2020-06-14 11:00,9.3,A,,
2020-06-14 12:00,8.899999999999997,A,,
2020-06-14 13:00,8.6,A,,
2020-06-14 14:00,8.575,A,,
2020-06-14 15:00,9.125,A,,
2020-06-14 16:00,9.475,A,,
2020-06-14 17:00,9.5,A,,
2020-06-14 18:00,9.55,A,,
2020-06-14 19:00,10.325,A,,
2020-06-14 20:00,11.175,A,,
2020-06-14 21:00,12.125,A,,
2020-06-14 22:00,12.9,A,,
2020-06-14 23:00,13.575,A,,
2020-06-15 00:00,13.4,A,,
2020-06-15 01:00,12.925,A,,
2020-06-15 02:00,12.35,A,,
2020-06-15 03:00,11.65,A,,
2020-06-15 04:00,10.925,A,,
2020-06-15 05:00,10.275,A,,
2020-06-15 06:00,9.625,A,,
2020-06-15 07:00,9.075,A,,
2020-06-15 08:00,8.524999999999999,A,,
2020-06-15 09:00,7.999999999999999,A,,
2020-06-15 10:00,7.500000000000001,A,,
2020-06-15 11:00,7.050000000000002,A,,
2020-06-15 12:00,6.675000000000002,A,,
2020-06-15 13:00,6.6,A,,
2020-06-15 14:00,6.65,A,,
2020-06-15 15:00,6.824999999999998,A,,
2020-06-15 16:00,7.15,A,,
2020-06-15 17:00,7.875,A,,
2020-06-15 18:00,9.166666666666666,A,4.75,A
2020-06-15 19:00,11.175,A,5.125,A
2020-06-15 20:00,12.624999999999998,A,4.300000000000002,A
2020-06-15 21:00,13.7,A,4.425,A
2020-06-15 22:00,13.775,A,4.475,A
2020-06-15 23:00,13.675,A,4.975,A
2020-06-16 00:00,13.3,A,4.55,A
2020-06-16 01:00,12.750000000000002,A,5.275,A
2020-06-16 02:00,12.250000000000002,A,4.875,A
2020-06-16 03:00,11.825,A,5.65,A
2020-06-16 04:00,11.3,A,5.85,A
2020-06-16 05:00,10.8,A,5.9,A
2020-06-16 06:00,10.35,A,5.725,A
2020-06-16 07:00,10.025,A,6.15,A
2020-06-16 08:00,9.8,A,6.1000000000000005,A
2020-06-16 09:00,9.6,A,5.675,A
2020-06-16 10:00,9.425,A,5.699999999999998,A
2020-06-16 11:00,9.325,A,5.4,A
2020-06-16 12:00,9.2,A,5.275,A
2020-06-16 13:00,9.1,A,4.9,A
2020-06-16 14:00,9.1,A,4.9750000000000005,A
2020-06-16 15:00,9.1,A,5.3,A
2020-06-16 16:00,9.15,A,9.65,A
2020-06-16 17:00,9.325,A,13.5,A
2020-06-16 18:00,9.45,A,22.425,A
2020-06-16 19:00,9.65,A,32.75,A
2020-06-16 20:00,9.725,A,40.675,A
2020-06-16 21:00,9.925,A,27.375,A
2020-06-16 22:00,10.35,A,19.625,A
2020-06-16 23:00,10.6,A,16.349999999999998,A
2020-06-17 00:00,10.7,A,16.025000000000002,A
2020-06-17 01:00,10.65,A,17.15,A
2020-06-17 02:00,10.425,A,17.425,A
2020-06-17 03:00,10.05,A,18.025,A
2020-06-17 04:00,9.55,A,17.4,A
2020-06-17 05:00,9.05,A,16.9,A
2020-06-17 06:00,8.65,A,17.275,A
2020-06-17 07:00,8.375,A,16.35,A
2020-06-17 08:00,8.125,A,15.45,A
2020-06-17 09:00,7.975,A,14.575,A
2020-06-17 10:00,7.875000000000001,A,13.625,A
2020-06-17 11:00,7.774999999999999,A,13.275,A
2020-06-17 12:00,7.7,A,12.375,A
2020-06-17 13:00,7.7,A,11.65,A
2020-06-17 14:00,7.8,A,10.675,A
2020-06-17 15:00,7.85,A,9.675,A
2020-06-17 16:00,8.0,A,9.575,A
2020-06-17 17:00,8.2,A,11.325,A
2020-06-17 18:00,8.5,A,15.125,A
2020-06-17 19:00,8.725,A,17.075000000000006,A
2020-06-17 20:00,8.975,A,16.8,A
2020-06-17 21:00,9.25,A,15.925,A
2020-06-17 22:00,9.275,A,15.95,A
2020-06-17 23:00,9.1,A,25.75,A
2020-06-18 00:00,8.899999999999997,A,30.975,A
2020-06-18 01:00,8.674999999999999,A,49.025,A
2020-06-18 02:00,8.55,A,55.75,A
2020-06-18 03:00,8.424999999999999,A,48.1,A
2020-06-18 04:00,8.275,A,40.625,A
2020-06-18 05:00,8.1,A,34.225,A
2020-06-18 06:00,7.925000000000002,A,31.6,A
2020-06-18 07:00,7.774999999999999,A,29.525,A
2020-06-18 08:00,7.675000000000002,A,28.25,A
2020-06-18 09:00,7.6,A,26.25,A
2020-06-18 10:00,7.6,A,23.375,A
2020-06-18 11:00,7.5,A,21.425,A
2020-06-18 12:00,7.5,A,20.0,A
2020-06-18 13:00,7.5,A,17.625,A
2020-06-18 14:00,7.525,A,15.95,A
2020-06-18 15:00,7.7,A,14.275,A
2020-06-18 16:00,8.05,A,13.775,A
2020-06-18 17:00,8.5,A,13.175,A
2020-06-18 18:00,8.75,A,19.975,A
2020-06-18 19:00,9.0,A,18.05,A
2020-06-18 20:00,9.45,A,15.85,A
2020-06-18 21:00,9.825,A,14.175,A
2020-06-18 22:00,10.15,A,12.925,A
2020-06-18 23:00,10.2,A,12.4,A
2020-06-19 00:00,10.3,A,11.95,A
2020-06-19 01:00,10.3,A,11.475,A
2020-06-19 02:00,10.275,A,11.474999999999998,A
2020-06-19 03:00,10.05,A,11.55,A
2020-06-19 04:00,9.75,A,11.8,A
2020-06-19 05:00,9.4,A,11.9,A
2020-06-19 06:00,9.05,A,11.775,A
2020-06-19 07:00,8.725,A,11.575,A
2020-06-19 08:00,8.35,A,11.45,A
2020-06-19 09:00,7.975,A,11.05,A
2020-06-19 10:00,7.699999999999998,A,10.475,A
2020-06-19 11:00,7.449999999999998,A,9.95,A
2020-06-19 12:00,7.325,A,10.125,A
2020-06-19 13:00,7.225,A,9.325,A
2020-06-19 14:00,7.375,A,8.65,A
2020-06-19 15:00,7.875,A,8.15,A
2020-06-19 16:00,8.524999999999999,A,7.725,A
2020-06-19 17:00,9.475,A,7.6,A
2020-06-19 18:00,10.825,A,8.100000000000001,A
2020-06-19 19:00,11.725,A,7.925000000000002,A
2020-06-19 20:00,12.975,A,7.824999999999998,A
2020-06-19 21:00,14.425,A,7.925,A
2020-06-19 22:00,15.125,A,8.425,A
2020-06-19 23:00,15.475,A,8.675,A
2020-06-20 00:00,15.375,A,9.25,A
2020-06-20 01:00,15.15,A,9.175,A
2020-06-20 02:00,14.675,A,9.025,A
2020-06-20 03:00,14.0,A,9.525,A
2020-06-20 04:00,13.3,A,9.9,A
2020-06-20 05:00,12.575,A,10.175,A
2020-06-20 06:00,11.925,A,10.075,A
2020-06-20 07:00,11.25,A,9.8,A
2020-06-20 08:00,10.6,A,9.7,A
2020-06-20 09:00,10.0,A,9.55,A
2020-06-20 10:00,9.475,A,9.35,A
2020-06-20 11:00,8.95,A,8.95,A
2020-06-20 12:00,8.5,A,9.275,A
2020-06-20 13:00,8.175,A,8.1,A
2020-06-20 14:00,8.2,A,7.75,A
2020-06-20 15:00,8.825,A,7.375000000000001,A
2020-06-20 16:00,9.775,A,7.05,A
2020-06-20 17:00,10.95,A,6.9750000000000005,A
2020-06-20 18:00,12.275,A,7.449999999999998,A
2020-06-20 19:00,13.5,A,7.0,A
2020-06-20 20:00,14.175,A,7.025,A
2020-06-20 21:00,14.175,A,6.875,A
2020-06-20 22:00,14.1,A,6.699999999999998,A
2020-06-20 23:00,14.0,A,6.875000000000001,A
2020-06-21 00:00,13.725,A,7.025,A
2020-06-21 01:00,13.35,A,7.375,A
2020-06-21 02:00,12.875,A,7.574999999999998,A
2020-06-21 03:00,12.45,A,7.6,A
2020-06-21 04:00,12.05,A,8.25,A
2020-06-21 05:00,11.65,A,8.375,A
2020-06-21 06:00,11.250000000000002,A,8.1,A
2020-06-21 07:00,10.9,A,8.55,A
2020-06-21 08:00,10.575,A,8.35,A
2020-06-21 09:00,10.3,A,8.15,A
2020-06-21 10:00,10.1,A,8.2,A
2020-06-21 11:00,9.9,A,7.85,A
2020-06-21 12:00,9.75,A,7.65,A
2020-06-21 13:00,9.725,A,7.2,A
2020-06-21 14:00,9.85,A,6.4,A
2020-06-21 15:00,10.075,A,6.725,A
2020-06-21 16:00,10.5,A,6.125,A
2020-06-21 17:00,11.325,A,5.874999999999999,A
2020-06-21 18:00,12.275,A,6.425,A
2020-06-21 19:00,13.2,A,6.025,A
2020-06-21 20:00,14.525,A,5.9750000000000005,A
2020-06-21 21:00,15.55,A,6.3,A
2020-06-21 22:00,16.25,A,6.049999999999999,A
2020-06-21 23:00,16.975,A,6.450000000000001,A
2020-06-22 00:00,16.975,A,6.75,A
2020-06-22 01:00,16.5,A,6.75,A
2020-06-22 02:00,15.8,A,7.15,A
2020-06-22 03:00,15.0,A,7.3,A
2020-06-22 04:00,14.2,A,7.7,A
2020-06-22 05:00,13.425,A,8.25,A
2020-06-22 06:00,12.675,A,8.225,A
2020-06-22 07:00,12.0,A,7.925,A
2020-06-22 08:00,11.35,A,8.15,A
2020-06-22 09:00,10.825,A,7.875,A
2020-06-22 10:00,10.325,A,8.024999999999999,A
2020-06-22 11:00,9.85,A,7.475,A
2020-06-22 12:00,9.35,A,7.475,A
2020-06-22 13:00,9.05,A,6.800000000000002,A
2020-06-22 14:00,9.075,A,6.475,A
2020-06-22 15:00,9.625,A,6.300000000000002,A
2020-06-22 16:00,10.525,A,5.9,A
2020-06-22 17:00,11.5,A,5.775,A
2020-06-22 18:00,12.85,A,5.9,A
2020-06-22 19:00,14.475,A,5.800000000000002,A
2020-06-22 20:00,15.45,A,6.050000000000002,A
2020-06-22 21:00,16.3,A,5.875,A
2020-06-22 22:00,16.75,A,5.924999999999999,A
2020-06-22 23:00,16.875,A,6.075,A
2020-06-23 00:00,16.924999999999994,A,6.15,A
2020-06-23 01:00,16.625,A,6.4,A
2020-06-23 02:00,16.425,A,7.5,A
2020-06-23 03:00,15.9,A,7.175000000000002,A
2020-06-23 04:00,15.1,A,7.200000000000001,A
2020-06-23 05:00,14.3,A,7.8,A
2020-06-23 06:00,13.5,A,8.024999999999999,A
2020-06-23 07:00,12.7,A,7.8,A
2020-06-23 08:00,11.925,A,7.899999999999999,A
2020-06-23 09:00,11.225,A,8.075,A
2020-06-23 10:00,10.6,A,7.699999999999998,A
2020-06-23 11:00,10.025,A,7.35,A
2020-06-23 12:00,9.55,A,7.225,A
2020-06-23 13:00,9.175,A,7.575,A
2020-06-23 14:00,9.2,A,6.249999999999999,A
2020-06-23 15:00,9.9,A,5.9,A
2020-06-23 16:00,10.95,A,5.75,A
2020-06-23 17:00,12.2,A,5.4,A
2020-06-23 18:00,13.650000000000002,A,5.85,A
2020-06-23 19:00,15.125,A,5.6,A
2020-06-23 20:00,16.525,A,5.549999999999999,A
2020-06-23 21:00,17.725,A,5.525,A
2020-06-23 22:00,18.7,A,5.7,A
2020-06-23 23:00,19.225,A,5.425000000000002,A
2020-06-24 00:00,19.3,A,5.875,A
2020-06-24 01:00,18.95,A,6.175,A
2020-06-24 02:00,18.35,A,6.35,A
2020-06-24 03:00,17.450000000000006,A,6.4,A
2020-06-24 04:00,16.475,A,7.35,A
2020-06-24 05:00,15.55,A,7.449999999999998,A
2020-06-24 06:00,14.675,A,8.1,A
2020-06-24 07:00,13.8,A,8.225,A
2020-06-24 08:00,13.025,A,7.975,A
2020-06-24 09:00,12.35,A,7.975,A
2020-06-24 10:00,11.7,A,7.925,A
2020-06-24 11:00,11.125,A,8.075,A
2020-06-24 12:00,10.625,A,7.55,A
2020-06-24 13:00,10.275,A,7.025,A
2020-06-24 14:00,10.275,A,6.65,A
2020-06-24 15:00,10.9,A,6.125,A
2020-06-24 16:00,11.875,A,5.65,A
2020-06-24 17:00,13.2,A,5.6,A
2020-06-24 18:00,14.575,A,6.074999999999998,A
2020-06-24 19:00,15.975,A,5.575,A
2020-06-24 20:00,17.3,A,5.55,A
2020-06-24 21:00,18.45,A,5.35,A
2020-06-24 22:00,19.175,A,4.975,A
2020-06-24 23:00,19.4,A,5.449999999999998,A
2020-06-25 00:00,19.075,A,5.699999999999998,A
2020-06-25 01:00,18.3,A,6.275,A
2020-06-25 02:00,17.424999999999994,A,6.85,A
2020-06-25 03:00,16.5,A,7.1,A
2020-06-25 04:00,15.625,A,7.85,A
2020-06-25 05:00,14.875000000000002,A,8.274999999999999,A
2020-06-25 06:00,14.175,A,8.25,A
2020-06-25 07:00,13.525,A,8.4,A
2020-06-25 08:00,13.05,A,8.350000000000001,A
2020-06-25 09:00,12.55,A,8.875,A
2020-06-25 10:00,12.125,A,8.725,A
2020-06-25 11:00,11.750000000000002,A,8.7,A
2020-06-25 12:00,11.375,A,7.9,A
2020-06-25 13:00,11.15,A,7.25,A
2020-06-25 14:00,11.15,A,6.775,A
2020-06-25 15:00,11.7,A,6.175,A
2020-06-25 16:00,12.675,A,5.975,A
2020-06-25 17:00,13.8,A,5.75,A
2020-06-25 18:00,15.025,A,6.699999999999998,A
2020-06-25 19:00,16.025,A,5.7,A
2020-06-25 20:00,16.724999999999998,A,5.749999999999999,A
2020-06-25 21:00,17.775,A,5.0,A
2020-06-25 22:00,18.35,A,5.275,A
2020-06-25 23:00,18.725,A,5.300000000000002,A
2020-06-26 00:00,18.875,A,5.5,A
2020-06-26 01:00,18.525,A,5.65,A
2020-06-26 02:00,17.9,A,5.75,A
2020-06-26 03:00,16.975,A,6.324999999999998,A
2020-06-26 04:00,16.099999999999998,A,6.825,A
2020-06-26 05:00,15.3,A,6.7250000000000005,A
2020-06-26 06:00,14.5,A,7.125,A
2020-06-26 07:00,13.7,A,7.175000000000002,A
2020-06-26 08:00,12.95,A,7.225,A
2020-06-26 09:00,12.275,A,7.475,A
2020-06-26 10:00,11.65,A,7.15,A
2020-06-26 11:00,11.075,A,7.175,A
2020-06-26 12:00,10.575,A,6.875000000000001,A
2020-06-26 13:00,10.225,A,5.9,A
2020-06-26 14:00,10.2,A,5.674999999999999,A
2020-06-26 15:00,10.925,A,5.2,A
2020-06-26 16:00,12.05,A,5.275,A
2020-06-26 17:00,13.4,A,5.425,A
2020-06-26 18:00,14.85,A,5.725,A
2020-06-26 19:00,16.35,A,5.425000000000002,A
2020-06-26 20:00,17.7,A,4.95,A
2020-06-26 21:00,18.95,A,4.875,A
2020-06-26 22:00,19.7,A,4.699999999999998,A
2020-06-26 23:00,20.05,A,5.225,A
2020-06-27 00:00,20.125,A,5.275,A
2020-06-27 01:00,19.75,A,5.85,A
2020-06-27 02:00,19.1,A,6.275,A
2020-06-27 03:00,18.325,A,6.6,A
2020-06-27 04:00,17.4,A,7.25,A
2020-06-27 05:00,16.450000000000006,A,7.050000000000002,A
2020-06-27 06:00,15.6,A,7.899999999999999,A
2020-06-27 07:00,14.775,A,7.625,A
2020-06-27 08:00,14.0,A,8.049999999999999,A
2020-06-27 09:00,13.275,A,8.225000000000001,A
2020-06-27 10:00,12.65,A,7.774999999999999,A
2020-06-27 11:00,12.05,A,7.699999999999998,A
2020-06-27 12:00,11.55,A,7.275,A
2020-06-27 13:00,11.175,A,6.5,A
2020-06-27 14:00,11.125,A,6.6,A
2020-06-27 15:00,11.624999999999998,A,5.824999999999998,A
2020-06-27 16:00,12.7,A,5.550000000000002,A
2020-06-27 17:00,14.1,A,5.8,A
2020-06-27 18:00,15.55,A,5.949999999999998,A
2020-06-27 19:00,16.175,A,6.225,A
2020-06-27 20:00,16.45,A,5.1,A
2020-06-27 21:00,16.3,A,5.425000000000002,A
2020-06-27 22:00,15.95,A,5.45,A
2020-06-27 23:00,15.625,A,6.05,A
2020-06-28 00:00,15.3,A,6.05,A
2020-06-28 01:00,14.875,A,6.775,A
2020-06-28 02:00,14.375,A,7.15,A
2020-06-28 03:00,13.95,A,7.825000000000001,A
2020-06-28 04:00,13.425,A,8.675,A
2020-06-28 05:00,12.95,A,10.05,A
2020-06-28 06:00,12.55,A,11.15,A
2020-06-28 07:00,12.175,A,11.575,A
2020-06-28 08:00,11.9,A,11.175,A
2020-06-28 09:00,11.55,A,10.55,A
2020-06-28 10:00,11.225,A,10.6,A
2020-06-28 11:00,10.875,A,9.9,A
2020-06-28 12:00,10.575,A,9.45,A
2020-06-28 13:00,10.4,A,8.225,A
2020-06-28 14:00,10.475,A,7.125,A
2020-06-28 15:00,10.85,A,6.7,A
2020-06-28 16:00,11.2,A,6.275,A
2020-06-28 17:00,11.55,A,6.125,A
2020-06-28 18:00,11.85,A,6.450000000000001,A
2020-06-28 19:00,11.9,A,6.574999999999998,A
2020-06-28 20:00,11.775000000000002,A,11.325,A
2020-06-28 21:00,11.575,A,11.075,A
2020-06-28 22:00,11.35,A,11.925,A
2020-06-28 23:00,11.15,A,16.35,A
2020-06-29 00:00,10.9,A,22.85,A
2020-06-29 01:00,10.6,A,25.15,A
2020-06-29 02:00,10.375,A,26.200000000000006,A
2020-06-29 03:00,10.2,A,25.975,A
2020-06-29 04:00,10.0,A,26.35,A
2020-06-29 05:00,9.825,A,26.575,A
2020-06-29 06:00,9.65,A,27.75,A
2020-06-29 07:00,9.45,A,28.45,A
2020-06-29 08:00,9.325,A,27.675,A
2020-06-29 09:00,9.2,A,26.975,A
2020-06-29 10:00,9.125,A,27.325,A
2020-06-29 11:00,9.075,A,26.725,A
2020-06-29 12:00,9.0,A,25.2,A
2020-06-29 13:00,9.0,A,22.8,A
2020-06-29 14:00,8.9,A,20.675,A
2020-06-29 15:00,8.975,A,20.6,A
2020-06-29 16:00,9.175,A,21.775,A
2020-06-29 17:00,9.425,A,23.625,A
2020-06-29 18:00,9.55,A,22.4,A
2020-06-29 19:00,9.8,A,27.425,A
2020-06-29 20:00,10.0,A,35.825,A
2020-06-29 21:00,10.175,A,31.725,A
2020-06-29 22:00,10.425,A,25.375,A
2020-06-29 23:00,10.575,A,23.825,A
2020-06-30 00:00,10.6,A,24.375,A
2020-06-30 01:00,10.7,A,22.9,A
2020-06-30 02:00,10.6,A,21.225,A
2020-06-30 03:00,10.45,A,20.225,A
2020-06-30 04:00,10.25,A,19.1,A
2020-06-30 05:00,10.0,A,17.725,A
2020-06-30 06:00,9.725,A,17.65,A
2020-06-30 07:00,9.425,A,16.35,A
2020-06-30 08:00,9.1,A,15.3,A
2020-06-30 09:00,8.8,A,14.2,A
2020-06-30 10:00,8.475,A,13.475,A
2020-06-30 11:00,8.2,A,13.125,A
2020-06-30 12:00,7.925,A,12.125,A
2020-06-30 13:00,7.725,A,11.275,A
2020-06-30 14:00,7.85,A,10.225,A
2020-06-30 15:00,8.425,A,10.0,A
2020-06-30 16:00,9.175,A,9.275,A
2020-06-30 17:00,9.725,A,8.75,A
2020-06-30 18:00,10.525,A,8.799999999999997,A
2020-06-30 19:00,11.6,A,8.675,A
2020-06-30 20:00,11.95,A,8.85,A
2020-06-30 21:00,12.175,A,9.025,A
2020-06-30 22:00,12.2,A,8.8,A
2020-06-30 23:00,12.325,A,8.825000000000003,A
2020-07-01 00:00,12.475,A,9.35,A
2020-07-01 01:00,12.125,A,9.0,A
2020-07-01 02:00,11.7,A,9.325,A
2020-07-01 03:00,11.425,A,9.375,A
2020-07-01 04:00,11.1,A,9.625,A
2020-07-01 05:00,10.85,A,9.425,A
2020-07-01 06:00,10.475,A,9.825,A
2020-07-01 07:00,10.1,A,9.725,A
2020-07-01 08:00,9.75,A,9.45,A
2020-07-01 09:00,9.4,A,9.4,A
2020-07-01 10:00,9.075,A,9.05,A
2020-07-01 11:00,8.775,A,8.875,A
2020-07-01 12:00,8.475,A,8.75,A
2020-07-01 13:00,8.275,A,8.424999999999999,A
2020-07-01 14:00,8.450000000000001,A,8.025,A
2020-07-01 15:00,8.925,A,7.625,A
2020-07-01 16:00,9.575,A,7.2,A
2020-07-01 17:00,9.975,A,7.0,A
2020-07-01 18:00,10.8,A,6.875,A
2020-07-01 19:00,11.775,A,6.9750000000000005,A
2020-07-01 20:00,12.15,A,7.75,A
2020-07-01 21:00,12.25,A,7.575,A
2020-07-01 22:00,12.15,A,7.399999999999999,A
2020-07-01 23:00,12.175,A,7.65,A
2020-07-02 00:00,12.25,A,7.5,A
2020-07-02 01:00,12.225,A,8.125,A
2020-07-02 02:00,12.05,A,8.275,A
2020-07-02 03:00,11.9,A,8.125,A
2020-07-02 04:00,11.675,A,8.225,A
2020-07-02 05:00,11.35,A,8.4,A
2020-07-02 06:00,10.95,A,8.7,A
2020-07-02 07:00,10.575,A,8.600000000000001,A
2020-07-02 08:00,10.25,A,8.375,A
2020-07-02 09:00,9.825,A,8.100000000000001,A
2020-07-02 10:00,9.425,A,8.025,A
2020-07-02 11:00,9.05,A,8.325,A
2020-07-02 12:00,8.675,A,7.449999999999998,A
2020-07-02 13:00,8.45,A,7.250000000000001,A
2020-07-02 14:00,8.5,A,7.275,A
2020-07-02 15:00,9.1,A,6.675000000000002,A
2020-07-02 16:00,9.95,A,6.75,A
2020-07-02 17:00,10.975,A,6.574999999999998,A
2020-07-02 18:00,12.05,A,6.975,A
2020-07-02 19:00,13.25,A,7.6,A
2020-07-02 20:00,14.425,A,7.575000000000001,A
2020-07-02 21:00,15.4,A,7.825000000000001,A
2020-07-02 22:00,16.099999999999998,A,7.75,A
2020-07-02 23:00,16.475,A,8.625,A
2020-07-03 00:00,16.425,A,8.225,A
2020-07-03 01:00,16.05,A,8.075,A
2020-07-03 02:00,15.5,A,8.475,A
2020-07-03 03:00,14.85,A,8.725,A
2020-07-03 04:00,14.175,A,9.275,A
2020-07-03 05:00,13.525,A,9.2,A
2020-07-03 06:00,12.85,A,9.1,A
2020-07-03 07:00,12.15,A,9.05,A
2020-07-03 08:00,11.5,A,9.125,A
2020-07-03 09:00,10.900000000000002,A,8.8,A
2020-07-03 10:00,10.325,A,8.274999999999999,A
2020-07-03 11:00,9.825,A,8.275,A
2020-07-03 12:00,9.35,A,7.824999999999998,A
2020-07-03 13:00,9.05,A,7.275,A
2020-07-03 14:00,9.05,A,7.0,A
2020-07-03 15:00,9.625,A,7.225,A
2020-07-03 16:00,10.425,A,6.6,A
2020-07-03 17:00,11.4,A,6.375000000000001,A
2020-07-03 18:00,12.55,A,6.200000000000001,A
2020-07-03 19:00,13.725,A,6.5,A
2020-07-03 20:00,14.75,A,6.65,A
2020-07-03 21:00,15.825,A,6.45,A
2020-07-03 22:00,16.275,A,6.8500000000000005,A
2020-07-03 23:00,16.3,A,6.800000000000002,A
2020-07-04 00:00,15.95,A,7.050000000000002,A
2020-07-04 01:00,15.65,A,7.075,A
2020-07-04 02:00,15.35,A,7.325,A
2020-07-04 03:00,14.8,A,7.575,A
2020-07-04 04:00,14.2,A,8.4,A
2020-07-04 05:00,13.675,A,8.525,A
2020-07-04 06:00,13.175,A,9.475,A
2020-07-04 07:00,12.7,A,8.4,A
2020-07-04 08:00,12.2,A,8.225,A
2020-07-04 09:00,11.675,A,8.4,A
2020-07-04 10:00,11.2,A,8.325,A
2020-07-04 11:00,10.750000000000002,A,7.900000000000001,A
2020-07-04 12:00,10.35,A,7.65,A
2020-07-04 13:00,10.0,A,6.775,A
2020-07-04 14:00,10.025,A,6.375,A
2020-07-04 15:00,10.6,A,6.35,A
2020-07-04 16:00,11.5,A,5.925,A
2020-07-04 17:00,12.65,A,5.775,A
2020-07-04 18:00,13.85,A,5.824999999999998,A
2020-07-04 19:00,15.0,A,5.6,A
2020-07-04 20:00,15.825,A,6.075,A
2020-07-04 21:00,16.125,A,6.299999999999999,A
2020-07-04 22:00,16.025,A,6.15,A
2020-07-04 23:00,15.900000000000002,A,8.525,A
2020-07-05 00:00,15.675,A,8.725,A
2020-07-05 01:00,15.35,A,8.85,A
2020-07-05 02:00,14.875,A,8.7,A
2020-07-05 03:00,14.35,A,8.425,A
2020-07-05 04:00,13.875,A,8.549999999999999,A
2020-07-05 05:00,13.45,A,8.399999999999999,A
2020-07-05 06:00,13.05,A,9.175,A
2020-07-05 07:00,12.65,A,9.1,A
2020-07-05 08:00,12.2,A,8.975000000000003,A
2020-07-05 09:00,11.750000000000002,A,9.05,A
2020-07-05 10:00,11.35,A,9.05,A
2020-07-05 11:00,10.875,A,8.375,A
2020-07-05 12:00,10.5,A,8.1,A
2020-07-05 13:00,10.2,A,8.025,A
2020-07-05 14:00,10.225,A,7.075,A
2020-07-05 15:00,10.75,A,6.75,A
2020-07-05 16:00,11.575,A,7.425,A
2020-07-05 17:00,12.575,A,7.899999999999999,A
2020-07-05 18:00,13.675,A,7.575,A
2020-07-05 19:00,14.85,A,6.725,A
2020-07-05 20:00,16.0,A,6.4,A
2020-07-05 21:00,16.900000000000002,A,5.949999999999998,A
2020-07-05 22:00,17.599999999999994,A,7.649999999999999,A
2020-07-05 23:00,17.825,A,6.625000000000001,A
2020-07-06 00:00,17.425,A,7.05,A
2020-07-06 01:00,16.85,A,7.124999999999999,A
2020-07-06 02:00,16.2,A,6.85,A
2020-07-06 03:00,15.325,A,7.125,A
2020-07-06 04:00,14.5,A,7.0,A
2020-07-06 05:00,13.725,A,7.575,A
2020-07-06 06:00,13.175,A,7.425000000000002,A
2020-07-06 07:00,12.675,A,7.45,A
2020-07-06 08:00,12.250000000000002,A,7.550000000000002,A
2020-07-06 09:00,11.85,A,7.049999999999999,A
2020-07-06 10:00,11.45,A,7.125,A
2020-07-06 11:00,11.05,A,7.375,A
2020-07-06 12:00,10.750000000000002,A,6.675000000000002,A
2020-07-06 13:00,10.525,A,6.4,A
2020-07-06 14:00,10.575,A,5.7,A
2020-07-06 15:00,10.8,A,5.5,A
2020-07-06 16:00,11.325,A,5.225,A
2020-07-06 17:00,12.225,A,5.525,A
2020-07-06 18:00,13.1,A,6.925000000000002,A
2020-07-06 19:00,14.3,A,5.949999999999998,A
2020-07-06 20:00,15.35,A,5.375,A
2020-07-06 21:00,16.325,A,5.75,A
2020-07-06 22:00,17.025,A,5.65,A
2020-07-06 23:00,17.525,A,6.15,A
2020-07-07 00:00,17.575000000000006,A,6.4,A
2020-07-07 01:00,17.174999999999994,A,6.8500000000000005,A
2020-07-07 02:00,16.575,A,6.475,A
2020-07-07 03:00,15.875000000000002,A,6.7,A
2020-07-07 04:00,15.125,A,7.15,A
2020-07-07 05:00,14.5,A,7.425000000000002,A
2020-07-07 06:00,13.925,A,7.450000000000001,A
2020-07-07 07:00,13.425,A,7.35,A
2020-07-07 08:00,12.875,A,7.6,A
2020-07-07 09:00,12.325,A,7.325,A
2020-07-07 10:00,11.85,A,6.775,A
2020-07-07 11:00,11.45,A,6.824999999999998,A
2020-07-07 12:00,11.125,A,6.675000000000002,A
2020-07-07 13:00,10.95,A,6.4,A
2020-07-07 14:00,10.95,A,5.725,A
2020-07-07 15:00,11.225,A,5.574999999999998,A
2020-07-07 16:00,11.85,A,8.325000000000001,A
2020-07-07 17:00,12.45,A,8.375,A
2020-07-07 18:00,13.15,A,8.025,A
2020-07-07 19:00,13.3,A,8.1,A
2020-07-07 20:00,13.275,A,7.525,A
2020-07-07 21:00,13.825,A,7.225,A
2020-07-07 22:00,14.5,A,7.125,A
2020-07-07 23:00,15.125,A,6.6,A
2020-07-08 00:00,15.25,A,6.65,A
2020-07-08 01:00,15.05,A,6.825000000000001,A
2020-07-08 02:00,14.7,A,6.7,A
2020-07-08 03:00,14.2,A,7.125,A
2020-07-08 04:00,13.65,A,7.075000000000001,A
2020-07-08 05:00,13.2,A,7.074999999999998,A
2020-07-08 06:00,12.7,A,7.449999999999998,A
2020-07-08 07:00,12.250000000000002,A,7.525,A
2020-07-08 08:00,11.750000000000002,A,7.275,A
2020-07-08 09:00,11.35,A,7.35,A
2020-07-08 10:00,10.95,A,7.199999999999998,A
2020-07-08 11:00,10.55,A,7.225,A
2020-07-08 12:00,10.175,A,6.975,A
2020-07-08 13:00,9.925,A,6.65,A
2020-07-08 14:00,9.925,A,6.225,A
2020-07-08 15:00,10.05,A,5.9750000000000005,A
2020-07-08 16:00,10.575,A,5.85,A
2020-07-08 17:00,11.575,A,6.074999999999998,A
2020-07-08 18:00,12.675,A,5.550000000000002,A
2020-07-08 19:00,13.8,A,5.949999999999998,A
2020-07-08 20:00,14.75,A,5.574999999999998,A
2020-07-08 21:00,15.675,A,5.85,A
2020-07-08 22:00,16.15,A,5.675,A
2020-07-08 23:00,16.45,A,5.824999999999998,A
2020-07-09 00:00,16.475,A,5.8,A
2020-07-09 01:00,16.15,A,6.125,A
2020-07-09 02:00,15.6,A,5.9,A
2020-07-09 03:00,14.95,A,5.875,A
2020-07-09 04:00,14.275,A,6.7,A
2020-07-09 05:00,13.575,A,6.725,A
2020-07-09 06:00,12.875000000000002,A,6.575,A
2020-07-09 07:00,12.25,A,6.9,A
2020-07-09 08:00,11.65,A,6.65,A
2020-07-09 09:00,11.05,A,6.775,A
2020-07-09 10:00,10.475,A,6.6,A
2020-07-09 11:00,9.925,A,6.1000000000000005,A
2020-07-09 12:00,9.45,A,5.875,A
2020-07-09 13:00,9.1,A,5.9,A
2020-07-09 14:00,9.075,A,5.525,A
2020-07-09 15:00,9.625,A,5.2,A
2020-07-09 16:00,10.45,A,5.674999999999999,A
2020-07-09 17:00,11.5,A,5.6,A
2020-07-09 18:00,12.724999999999998,A,5.05,A
2020-07-09 19:00,13.975,A,6.65,A
2020-07-09 20:00,15.25,A,5.0,A
2020-07-09 21:00,16.4,A,4.95,A
2020-07-09 22:00,17.025,A,4.949999999999998,A
2020-07-09 23:00,17.4,A,5.725,A
2020-07-10 00:00,17.675,A,6.275,A
2020-07-10 01:00,17.625,A,6.699999999999998,A
2020-07-10 02:00,17.325000000000006,A,6.7,A
2020-07-10 03:00,16.725,A,7.449999999999998,A
2020-07-10 04:00,16.025000000000002,A,7.5,A
2020-07-10 05:00,15.35,A,7.5,A
2020-07-10 06:00,14.6,A,7.3,A
2020-07-10 07:00,13.75,A,7.25,A
2020-07-10 08:00,13.0,A,7.4,A
2020-07-10 09:00,12.3,A,6.75,A
2020-07-10 10:00,11.725,A,7.074999999999998,A
2020-07-10 11:00,11.250000000000002,A,6.4,A
2020-07-10 12:00,10.9,A,6.175000000000002,A
2020-07-10 13:00,10.725,A,5.45,A
2020-07-10 14:00,10.6,A,6.35,A
2020-07-10 15:00,10.625,A,5.675,A
2020-07-10 16:00,11.15,A,5.625,A
2020-07-10 17:00,12.05,A,5.4750000000000005,A
2020-07-10 18:00,13.25,A,5.05,A
2020-07-10 19:00,14.25,A,5.125,A
2020-07-10 20:00,15.325,A,5.0,A
2020-07-10 21:00,16.65,A,4.775,A
2020-07-10 22:00,17.275,A,7.074999999999998,A
2020-07-10 23:00,17.799999999999994,A,5.55,A
2020-07-11 00:00,17.700000000000006,A,5.8,A
2020-07-11 01:00,17.299999999999994,A,6.050000000000002,A
2020-07-11 02:00,16.599999999999998,A,6.133333333333333,A
2020-07-11 03:00,15.7,A,7.533333333333334,A
2020-07-11 04:00,14.9,A,8.475,A
2020-07-11 05:00,14.05,A,9.7,A
2020-07-11 06:00,13.35,A,8.05,A
2020-07-11 07:00,12.7,A,7.35,A
2020-07-11 08:00,12.15,A,6.675,A
2020-07-11 09:00,11.6,A,6.75,A
2020-07-11 10:00,11.025,A,7.199999999999998,A
2020-07-11 11:00,10.5,A,7.175000000000002,A
2020-07-11 12:00,10.05,A,6.9,A
2020-07-11 13:00,9.725,A,6.375,A
2020-07-11 14:00,9.675,A,5.75,A
2020-07-11 15:00,10.3,A,6.525,A
2020-07-11 16:00,11.175,A,5.175,A
2020-07-11 17:00,12.25,A,5.9,A
2020-07-11 18:00,13.525,A,4.7,A
2020-07-11 19:00,14.8,A,4.7,A
2020-07-11 20:00,16.05,A,5.6000000000000005,A
2020-07-11 21:00,17.200000000000006,A,4.700000000000001,A
2020-07-11 22:00,18.075,A,6.675,A
2020-07-11 23:00,18.625,A,5.65,A
2020-07-12 00:00,18.7,A,5.675000000000002,A
2020-07-12 01:00,18.45,A,5.925,A
2020-07-12 02:00,17.900000000000006,A,6.55,A
2020-07-12 03:00,17.225,A,7.075,A
2020-07-12 04:00,16.5,A,7.225,A
2020-07-12 05:00,15.8,A,7.1000000000000005,A
2020-07-12 06:00,15.125,A,6.825,A
2020-07-12 07:00,14.45,A,7.025,A
2020-07-12 08:00,13.825,A,7.2,A
2020-07-12 09:00,13.2,A,7.2,A
2020-07-12 10:00,12.6,A,7.325,A
2020-07-12 11:00,12.0,A,6.800000000000002,A
2020-07-12 12:00,11.525,A,8.700000000000001,A
2020-07-12 13:00,11.2,A,5.9750000000000005,A
2020-07-12 14:00,11.175,A,6.0,A
2020-07-12 15:00,11.925,A,5.125,A
2020-07-12 16:00,13.05,A,4.925,A
2020-07-12 17:00,14.15,A,4.575,A
2020-07-12 18:00,15.2,A,4.575,A
2020-07-12 19:00,15.75,A,4.275,A
2020-07-12 20:00,15.875,A,5.275,A
2020-07-12 21:00,16.299999999999994,A,5.0,A
2020-07-12 22:00,16.875,A,5.0,A
2020-07-12 23:00,17.05,A,6.225,A
2020-07-13 00:00,16.925,A,5.075,A
2020-07-13 01:00,16.375,A,5.025,A
2020-07-13 02:00,15.775,A,6.375,A
2020-07-13 03:00,15.4,A,6.275,A
2020-07-13 04:00,14.95,A,6.825,A
2020-07-13 05:00,14.55,A,6.499999999999999,A
2020-07-13 06:00,14.125,A,6.85,A
2020-07-13 07:00,13.625,A,6.425,A
2020-07-13 08:00,13.15,A,8.475,A
2020-07-13 09:00,12.675,A,7.35,A
2020-07-13 10:00,12.175,A,6.65,A
2020-07-13 11:00,11.65,A,6.625,A
2020-07-13 12:00,11.275000000000002,A,6.449999999999998,A
2020-07-13 13:00,11.0,A,5.85,A
2020-07-13 14:00,10.95,A,5.75,A
2020-07-13 15:00,11.15,A,5.175000000000002,A
2020-07-13 16:00,,,6.2,A
