DateTime,Q_m3s,Flag_Q_m3s
1987-03-31 06:00,16.975949531904,A
1987-03-31 07:00,10.024163693568,A
1987-03-31 08:00,6.250943885183999,A
1987-03-31 09:00,3.99975458112,A
1987-03-31 10:00,2.8883183523839997,A
1987-03-31 11:00,38.482594518527996,A
1987-03-31 12:00,139.17730099968,A
1987-03-31 13:00,186.39564269183998,A
1987-03-31 14:00,194.3243597376,A
1987-03-31 15:00,197.22683651327998,A
1987-03-31 16:00,197.65158921216,A
1987-03-31 17:00,197.51000497919998,A
1987-03-31 18:00,190.50158544768001,A
1987-03-31 19:00,145.26542301696,A
1987-03-31 20:00,135.85007152512,A
1987-03-31 21:00,133.23076321536,A
1987-03-31 22:00,131.81492088576002,A
1987-03-31 23:00,131.81492088576002,A
1987-04-01 00:00,132.52284205056003,A
1987-04-01 01:00,179.81197585919998,A
1987-04-01 02:00,195.66940995072,A
1987-04-01 03:00,148.52186037504,A
1987-04-01 04:00,58.757456678400004,A
1987-04-01 05:00,22.589764368768,A
1987-04-01 06:00,12.487729347072001,A
1987-04-01 07:00,7.709261484672,A
1987-04-01 08:00,4.8280223439359995,A
1987-04-01 09:00,3.277674993024,A
1987-04-01 10:00,2.527278558336,A
1987-04-01 11:00,29.83887709632,A
1987-04-01 12:00,137.83225078656,A
1987-04-01 13:00,203.59812699647998,A
1987-04-01 14:00,212.94268637183998,A
1987-04-01 15:00,216.69466854528,A
1987-04-01 16:00,218.46447145728,A
1987-04-01 17:00,216.76546066176,A
1987-04-01 18:00,219.66793743744,A
1987-04-01 19:00,219.31397685503998,A
1987-04-01 20:00,193.9703991552,A
1987-04-01 21:00,188.94415888512,A
1987-04-01 22:00,155.17631932416,A
1987-04-01 23:00,126.93026484864001,A
1987-04-02 00:00,146.5396811136,A
1987-04-02 01:00,179.17484681088,A
1987-04-02 02:00,197.29762862976003,A
1987-04-02 03:00,151.91988196608,A
1987-04-02 04:00,71.78320611072,A
1987-04-02 05:00,24.819716037887996,A
1987-04-02 06:00,13.34431395648,A
1987-04-02 07:00,8.112776548608,A
1987-04-02 08:00,5.033319481728,A
1987-04-02 09:00,3.341387897856,A
1987-04-02 10:00,2.569753828224,A
1987-04-02 11:00,2.137921917696,A
1987-04-02 12:00,80.589745400832,A
1987-04-02 13:00,182.99762110080002,A
1987-04-02 14:00,195.24465725183998,A
1987-04-02 15:00,199.13822365823998,A
1987-04-02 16:00,167.14018700928003,A
1987-04-02 17:00,154.3268139264,A
1987-04-02 18:00,152.9109715968,A
1987-04-02 19:00,151.91988196608,A
1987-04-02 20:00,152.48621889792,A
1987-04-02 21:00,152.62780313088,A
1987-04-02 22:00,151.63671350016,A
1987-04-02 23:00,177.61742024832,A
1987-04-03 00:00,197.29762862976003,A
1987-04-03 01:00,200.12931328896,A
1987-04-03 02:00,201.0496108032,A
1987-04-03 03:00,181.72336300416,A
1987-04-03 04:00,167.70652394112,A
1987-04-03 05:00,93.0916331712,A
1987-04-03 06:00,29.279619376128,A
1987-04-03 07:00,15.170750561663999,A
1987-04-03 08:00,9.089707756032,A
1987-04-03 09:00,5.6562901067519995,A
1987-04-03 10:00,3.659952422016,A
1987-04-03 11:00,52.973740761984,A
1987-04-03 12:00,161.90157038976002,A
1987-04-03 13:00,206.7129801216,A
1987-04-03 14:00,186.32485057536,A
1987-04-03 15:00,168.34365298944005,A
1987-04-03 16:00,165.6535525632,A
1987-04-03 17:00,165.22879986432,A
1987-04-03 18:00,165.22879986432,A
1987-04-03 19:00,158.64513303168002,A
1987-04-03 20:00,137.90304290304002,A
1987-04-03 21:00,127.99214659584,A
1987-04-03 22:00,91.25103814271999,A
1987-04-03 23:00,82.8267762816,A
1987-04-04 00:00,91.10945390975999,A
1987-04-04 01:00,135.63769517568,A
1987-04-04 02:00,158.85750938112,A
1987-04-04 03:00,97.97628920831998,A
1987-04-04 04:00,28.826549830656,A
1987-04-04 05:00,14.965453423872,A
1987-04-04 06:00,8.962281946368,A
1987-04-04 07:00,5.578418778624001,A
1987-04-04 08:00,3.589160305536,A
1987-04-04 09:00,2.6901004262400003,A
1987-04-04 10:00,2.201634822528,A
1987-04-04 11:00,1.953862414848,A
1987-04-04 12:00,1.8051989702400002,A
1987-04-04 13:00,54.538246536192,A
1987-04-04 14:00,133.23076321536,A
1987-04-04 15:00,142.78769894016,A
1987-04-04 16:00,145.61938359936002,A
1987-04-04 17:00,147.03522592896005,A
1987-04-04 18:00,147.9555234432,A
1987-04-04 19:00,148.23869190911998,A
1987-04-04 20:00,147.88473132672001,A
1987-04-04 21:00,147.81393921024,A
1987-04-04 22:00,148.38027614208,A
1987-04-04 23:00,157.65404340096,A
1987-04-05 00:00,163.1758284864,A
1987-04-05 01:00,181.29861030528,A
1987-04-05 02:00,195.74020206720002,A
1987-04-05 03:00,152.62780313088,A
1987-04-05 04:00,110.22332535936,A
1987-04-05 05:00,63.92528118144,A
1987-04-05 06:00,22.009269013632,A
1987-04-05 07:00,12.119610341376,A
1987-04-05 08:00,4.63688362944,A
1987-04-05 09:00,3.178566029952,A
1987-04-05 10:00,67.52859991027199,A
1987-04-05 11:00,150.43324752,A
1987-04-05 12:00,160.76889652608,A
1987-04-05 13:00,164.09612600064,A
1987-04-05 14:00,165.44117621376,A
1987-04-05 15:00,166.0075131456,A
1987-04-05 16:00,166.21988949504,A
1987-04-05 17:00,165.37038409728,A
1987-04-05 18:00,165.44117621376,A
1987-04-05 19:00,165.93672102911998,A
1987-04-05 20:00,165.72434467968,A
1987-04-05 21:00,165.37038409728,A
1987-04-05 22:00,165.44117621376,A
1987-04-05 23:00,165.6535525632,A
1987-04-06 00:00,133.79710014719998,A
1987-04-06 01:00,107.46243281663999,A
1987-04-06 02:00,62.01389403648001,A
1987-04-06 03:00,21.251793367296,A
1987-04-06 04:00,11.786887393919999,A
1987-04-06 05:00,7.284508785792,A
1987-04-06 06:00,4.4882201848320005,A
1987-04-06 07:00,3.093615490176,A
1987-04-06 08:00,2.428169595264,A
1987-04-06 09:00,2.038812954624,A
1987-04-06 10:00,66.21186654374401,A
1987-04-06 11:00,168.62682145536004,A
1987-04-06 12:00,193.40406222336003,A
1987-04-06 13:00,196.87287593088,A
1987-04-06 14:00,198.50109460992002,A
1987-04-06 15:00,206.57139588863998,A
1987-04-06 16:00,217.54417394304002,A
1987-04-06 17:00,219.73872955392,A
1987-04-06 18:00,220.58823495168,A
1987-04-06 19:00,220.8714034176,A
1987-04-06 20:00,220.8714034176,A
1987-04-06 21:00,220.65902706816001,A
1987-04-06 22:00,220.58823495168,A
1987-04-06 23:00,220.65902706816001,A
1987-04-07 00:00,220.80061130112003,A
1987-04-07 01:00,163.24662060288,A
1987-04-07 02:00,74.04855383808001,A
1987-04-07 03:00,25.938231478271998,A
1987-04-07 04:00,13.917730099967999,A
1987-04-07 05:00,8.410103437824,A
1987-04-07 06:00,5.20322056128,A
1987-04-07 07:00,3.405100802688,A
1987-04-07 08:00,2.5909914631679998,A
1987-04-07 09:00,2.1166842827520003,A
1987-04-07 10:00,44.153043048576,A
1987-04-07 11:00,104.77233239040001,A
1987-04-07 12:00,112.9134257856,A
1987-04-07 13:00,115.3911498624,A
1987-04-07 14:00,116.73620007552,A
1987-04-07 15:00,117.30253700736,A
1987-04-07 16:00,117.23174489088,A
1987-04-07 17:00,117.51491335680001,A
1987-04-07 18:00,117.23174489088,A
1987-04-07 19:00,117.1609527744,A
1987-04-07 20:00,87.21588750336002,A
1987-04-07 21:00,79.14558622464001,A
1987-04-07 22:00,97.05599169408,A
1987-04-07 23:00,99.32133942144002,A
1987-04-08 00:00,99.74609212032,A
1987-04-08 01:00,60.8812201728,A
1987-04-08 02:00,20.28194137152,A
1987-04-08 03:00,11.277184155264,A
1987-04-08 04:00,6.951785838336001,A
1987-04-08 05:00,4.297081470336,A
1987-04-08 06:00,2.9874273154560003,A
1987-04-08 07:00,2.350298267136,A
1987-04-08 08:00,1.996337684736,A
1987-04-08 09:00,1.819357393536,A
1987-04-08 10:00,32.713037025408,A
1987-04-08 11:00,87.99460078464001,A
1987-04-08 12:00,95.49856513152001,A
1987-04-08 13:00,97.83470497536,A
1987-04-08 14:00,98.96737883904,A
1987-04-08 15:00,99.4629236544,A
1987-04-08 16:00,77.58815966208,A
1987-04-08 17:00,55.07626662144,A
1987-04-08 18:00,51.11190809856,A
1987-04-08 19:00,49.625273652480004,A
1987-04-08 20:00,33.286453168895996,A
1987-04-08 21:00,13.266442628352001,A
1987-04-08 22:00,7.688023849728,A
1987-04-08 23:00,4.665200476032,A
1987-04-09 00:00,3.11485312512,A
1987-04-09 01:00,2.428169595264,A
1987-04-09 02:00,2.003416896384,A
1987-04-09 03:00,1.812278181888,A
1987-04-09 04:00,1.727327642112,A
1987-04-09 05:00,1.670693948928,A
1987-04-09 06:00,1.635297890688,A
1987-04-09 07:00,1.614060255744,A
1987-04-09 08:00,1.599901832448,A
1987-04-09 09:00,1.585743409152,A
1987-04-09 10:00,1.585743409152,A
1987-04-09 11:00,10.986936477695998,A
1987-04-09 12:00,67.252510656,A
1987-04-09 13:00,75.18122770176002,A
1987-04-09 14:00,67.252510656,A
1987-04-09 15:00,66.04904467584001,A
1987-04-09 16:00,58.82824879488,A
1987-04-09 17:00,51.04111598208,A
1987-04-09 18:00,49.625273652480004,A
1987-04-09 19:00,49.34210518656001,A
1987-04-09 20:00,25.69753828224,A
1987-04-09 21:00,11.510798139648,A
1987-04-09 22:00,6.8385184519680005,A
1987-04-09 23:00,4.155497237376,A
1987-04-10 00:00,2.8600015057920003,A
1987-04-10 01:00,2.244110092416,A
1987-04-10 02:00,1.9255455682559999,A
1987-04-10 03:00,1.7698029119999998,A
1987-04-10 04:00,1.6990107955200002,A
1987-04-10 05:00,1.6494563139840002,A
1987-04-10 06:00,1.614060255744,A
1987-04-10 07:00,1.5928226208,A
1987-04-10 08:00,1.585743409152,A
1987-04-10 09:00,1.585743409152,A
1987-04-10 10:00,1.585743409152,A
1987-04-10 11:00,1.5715849858559998,A
1987-04-10 12:00,1.55742656256,A
1987-04-10 13:00,1.514951292672,A
1987-04-10 14:00,1.5007928693759998,A
1987-04-10 15:00,1.5007928693759998,A
1987-04-10 16:00,1.472476022784,A
1987-04-10 17:00,1.472476022784,A
1987-04-10 18:00,1.472476022784,A
1987-04-10 19:00,1.458317599488,A
1987-04-10 20:00,1.4441591761919998,A
1987-04-10 21:00,1.4441591761919998,A
1987-04-10 22:00,1.4441591761919998,A
1987-04-10 23:00,1.4441591761919998,A
1987-04-11 00:00,1.45123838784,A
1987-04-11 01:00,1.472476022784,A
1987-04-11 02:00,1.5007928693759998,A
1987-04-11 03:00,1.543268139264,A
1987-04-11 04:00,1.55742656256,A
1987-04-11 05:00,1.55742656256,A
1987-04-11 06:00,1.585743409152,A
1987-04-11 07:00,1.585743409152,A
1987-04-11 08:00,1.585743409152,A
1987-04-11 09:00,1.585743409152,A
1987-04-11 10:00,1.585743409152,A
1987-04-11 11:00,1.585743409152,A
1987-04-11 12:00,1.578664197504,A
1987-04-11 13:00,1.564505774208,A
1987-04-11 14:00,1.5007928693759998,A
1987-04-11 15:00,1.479555234432,A
1987-04-11 16:00,1.472476022784,A
1987-04-11 17:00,1.4653968111359998,A
1987-04-11 18:00,1.458317599488,A
1987-04-11 19:00,1.458317599488,A
1987-04-11 20:00,1.430000752896,A
1987-04-11 21:00,1.45123838784,A
1987-04-11 22:00,1.4441591761919998,A
1987-04-11 23:00,1.458317599488,A
1987-04-12 00:00,1.472476022784,A
1987-04-12 01:00,1.479555234432,A
1987-04-12 02:00,1.5007928693759998,A
1987-04-12 03:00,1.5007928693759998,A
1987-04-12 04:00,1.55742656256,A
1987-04-12 05:00,1.55742656256,A
1987-04-12 06:00,1.55742656256,A
1987-04-12 07:00,1.55742656256,A
1987-04-12 08:00,1.55742656256,A
1987-04-12 09:00,1.55742656256,A
1987-04-12 10:00,1.55742656256,A
1987-04-12 11:00,1.55742656256,A
1987-04-12 12:00,1.55742656256,A
1987-04-12 13:00,1.529109715968,A
1987-04-12 14:00,1.5007928693759998,A
1987-04-12 15:00,1.5007928693759998,A
1987-04-12 16:00,1.5007928693759998,A
1987-04-12 17:00,1.5007928693759998,A
1987-04-12 18:00,1.5007928693759998,A
1987-04-12 19:00,1.5007928693759998,A
1987-04-12 20:00,1.5007928693759998,A
1987-04-12 21:00,1.5007928693759998,A
1987-04-12 22:00,1.493713657728,A
1987-04-12 23:00,1.493713657728,A
1987-04-13 00:00,1.472476022784,A
1987-04-13 01:00,1.493713657728,A
1987-04-13 02:00,1.5007928693759998,A
1987-04-13 03:00,1.55742656256,A
1987-04-13 04:00,1.536188927616,A
1987-04-13 05:00,1.55742656256,A
1987-04-13 06:00,1.4866344460799998,A
1987-04-13 07:00,1.4158423296,A
1987-04-13 08:00,1.337971001472,A
1987-04-13 09:00,1.260099673344,A
1987-04-13 10:00,1.210545191808,A
1987-04-13 11:00,1.160990710272,A
1987-04-13 12:00,1.139753075328,A
1987-04-13 13:00,1.104357017088,A
1987-04-13 14:00,1.104357017088,A
1987-04-13 15:00,1.1185154403839999,A
1987-04-13 16:00,1.139753075328,A
1987-04-13 17:00,1.153911498624,A
1987-04-13 18:00,1.1468322869760001,A
1987-04-13 19:00,1.1185154403839999,A
1987-04-13 20:00,1.1822283452159998,A
1987-04-13 21:00,1.153911498624,A
1987-04-13 22:00,1.1185154403839999,A
1987-04-13 23:00,1.09727780544,A
1987-04-14 00:00,1.076040170496,A
1987-04-14 01:00,1.076040170496,A
1987-04-14 02:00,1.076040170496,A
1987-04-14 03:00,1.104357017088,A
1987-04-14 04:00,1.104357017088,A
1987-04-14 05:00,1.104357017088,A
1987-04-14 06:00,1.104357017088,A
1987-04-14 07:00,1.104357017088,A
1987-04-14 08:00,1.1326738636799998,A
1987-04-14 09:00,1.1326738636799998,A
1987-04-14 10:00,1.1326738636799998,A
1987-04-14 11:00,1.1326738636799998,A
1987-04-14 12:00,1.1326738636799998,A
1987-04-14 13:00,1.104357017088,A
1987-04-14 14:00,1.104357017088,A
1987-04-14 15:00,1.083119382144,A
1987-04-14 16:00,1.076040170496,A
1987-04-14 17:00,1.076040170496,A
1987-04-14 18:00,2.399852748672,A
1987-04-14 19:00,35.792494092287995,A
1987-04-14 20:00,13.896492465024,A
1987-04-14 21:00,6.611983679232,A
1987-04-14 22:00,3.589160305536,A
1987-04-14 23:00,2.357377478784,A
1987-04-15 00:00,1.783961335296,A
1987-04-15 01:00,1.543268139264,A
1987-04-15 02:00,1.3733670597119998,A
1987-04-15 03:00,1.288416519936,A
1987-04-15 04:00,1.245941250048,A
1987-04-15 05:00,1.1822283452159998,A
1987-04-15 06:00,1.160990710272,A
1987-04-15 07:00,1.1468322869760001,A
1987-04-15 08:00,1.1326738636799998,A
1987-04-15 09:00,1.1326738636799998,A
1987-04-15 10:00,1.1326738636799998,A
1987-04-15 11:00,1.1326738636799998,A
1987-04-15 12:00,1.104357017088,A
1987-04-15 13:00,1.090198593792,A
1987-04-15 14:00,1.076040170496,A
1987-04-15 15:00,1.040644112256,A
1987-04-15 16:00,0.998168842368,A
1987-04-15 17:00,0.8849014559999999,A
1987-04-15 18:00,0.799950916224,A
1987-04-15 19:00,0.842426186112,A
1987-04-15 20:00,0.9486143608319999,A
1987-04-15 21:00,1.1822283452159998,A
1987-04-15 22:00,3.036981796992,A
1987-04-15 23:00,45.193687160832006,A
1987-04-16 00:00,64.20844964736,A
1987-04-16 01:00,66.96934219008,A
1987-04-16 02:00,65.90746044288001,A
1987-04-16 03:00,62.580230968319995,A
1987-04-16 04:00,62.01389403648001,A
1987-04-16 05:00,62.01389403648001,A
1987-04-16 06:00,62.01389403648001,A
1987-04-16 07:00,61.801517687040004,A
1987-04-16 08:00,60.8812201728,A
1987-04-16 09:00,60.03171477504001,A
1987-04-16 10:00,60.03171477504001,A
1987-04-16 11:00,60.03171477504001,A
1987-04-16 12:00,59.67775419264,A
1987-04-16 13:00,58.969833027840004,A
1987-04-16 14:00,58.332703979520005,A
1987-04-16 15:00,57.83715916415999,A
1987-04-16 16:00,57.766367047680006,A
1987-04-16 17:00,57.766367047680006,A
1987-04-16 18:00,57.766367047680006,A
1987-04-16 19:00,57.766367047680006,A
1987-04-16 20:00,57.766367047680006,A
1987-04-16 21:00,57.766367047680006,A
1987-04-16 22:00,57.766367047680006,A
1987-04-16 23:00,57.766367047680006,A
1987-04-17 00:00,57.48319858175999,A
1987-04-17 01:00,57.12923799936,A
1987-04-17 02:00,56.916861649919994,A
1987-04-17 03:00,56.916861649919994,A
1987-04-17 04:00,56.916861649919994,A
1987-04-17 05:00,56.633693183999995,A
1987-04-17 06:00,56.633693183999995,A
1987-04-17 07:00,56.562901067519995,A
1987-04-17 08:00,55.430227203840005,A
1987-04-17 09:00,54.58072180608,A
1987-04-17 10:00,54.08517699072001,A
1987-04-17 11:00,53.518840058879995,A
1987-04-17 12:00,52.315374078720005,A
1987-04-17 13:00,50.050026351359996,A
1987-04-17 14:00,49.27131307007999,A
1987-04-17 15:00,47.99705497344,A
1987-04-17 16:00,47.85547074048,A
1987-04-17 17:00,47.572302274559995,A
1987-04-17 18:00,46.793588993280004,A
1987-04-17 19:00,46.43962841088001,A
1987-04-17 20:00,46.43962841088001,A
1987-04-17 21:00,46.368836294400005,A
1987-04-17 22:00,46.15645994495999,A
1987-04-17 23:00,46.15645994495999,A
1987-04-18 00:00,46.15645994495999,A
1987-04-18 01:00,46.15645994495999,A
1987-04-18 02:00,46.15645994495999,A
1987-04-18 03:00,46.15645994495999,A
1987-04-18 04:00,46.15645994495999,A
1987-04-18 05:00,46.15645994495999,A
1987-04-18 06:00,46.15645994495999,A
1987-04-18 07:00,46.15645994495999,A
1987-04-18 08:00,46.15645994495999,A
1987-04-18 09:00,46.15645994495999,A
1987-04-18 10:00,45.6609151296,A
1987-04-18 11:00,44.52824126592,A
1987-04-18 12:00,43.8911122176,A
1987-04-18 13:00,43.607943751680004,A
1987-04-18 14:00,43.607943751680004,A
1987-04-18 15:00,43.607943751680004,A
1987-04-18 16:00,43.607943751680004,A
1987-04-18 17:00,43.607943751680004,A
1987-04-18 18:00,43.607943751680004,A
1987-04-18 19:00,43.537151635200004,A
1987-04-18 20:00,43.607943751680004,A
1987-04-18 21:00,43.607943751680004,A
1987-04-18 22:00,43.46635951872,A
1987-04-18 23:00,43.25398316928,A
1987-04-19 00:00,43.25398316928,A
1987-04-19 01:00,42.475269888,A
1987-04-19 02:00,42.475269888,A
1987-04-19 03:00,42.475269888,A
1987-04-19 04:00,42.475269888,A
1987-04-19 05:00,42.475269888,A
1987-04-19 06:00,42.475269888,A
1987-04-19 07:00,41.27180390784,A
1987-04-19 08:00,40.06833792768,A
1987-04-19 09:00,39.6435852288,A
1987-04-19 10:00,39.07724829695999,A
1987-04-19 11:00,39.07724829695999,A
1987-04-19 12:00,36.24556363775999,A
1987-04-19 13:00,35.67922670592,A
1987-04-19 14:00,34.90051342464,A
1987-04-19 15:00,34.546552842240004,A
1987-04-19 16:00,34.546552842240004,A
1987-04-19 17:00,34.546552842240004,A
1987-04-19 18:00,34.404968609280004,A
1987-04-19 19:00,34.192592259840005,A
1987-04-19 20:00,33.69704744448,A
1987-04-19 21:00,31.714868183040004,A
1987-04-19 22:00,31.07773913472,A
1987-04-19 23:00,35.750018822399994,A
1987-04-20 00:00,32.351997231359995,A
1987-04-20 01:00,25.768330398720003,A
1987-04-20 02:00,25.768330398720003,A
1987-04-20 03:00,25.768330398720003,A
1987-04-20 04:00,25.768330398720003,A
1987-04-20 05:00,25.768330398720003,A
1987-04-20 06:00,25.768330398720003,A
1987-04-20 07:00,25.768330398720003,A
1987-04-20 08:00,25.768330398720003,A
1987-04-20 09:00,25.768330398720003,A
1987-04-20 10:00,25.768330398720003,A
1987-04-20 11:00,25.768330398720003,A
1987-04-20 12:00,25.711696705536,A
1987-04-20 13:00,25.655063012352,A
1987-04-20 14:00,25.655063012352,A
1987-04-20 15:00,25.655063012352,A
1987-04-20 16:00,25.655063012352,A
1987-04-20 17:00,25.626746165760004,A
1987-04-20 18:00,25.428528239616,A
1987-04-20 19:00,25.428528239616,A
1987-04-20 20:00,28.288529745408002,A
1987-04-20 21:00,52.45695831168001,A
1987-04-20 22:00,24.720607074815998,A
1987-04-20 23:00,24.295854375936,A
1987-04-21 00:00,8.063222067072001,A
1987-04-21 01:00,2.555595404928,A
1987-04-21 02:00,2.4140111719679997,A
1987-04-21 03:00,2.40693196032,A
1987-04-21 04:00,2.40693196032,A
1987-04-21 05:00,2.37153590208,A
1987-04-21 06:00,2.307822997248,A
1987-04-21 07:00,2.2653477273599996,A
1987-04-21 08:00,2.187476399232,A
1987-04-21 09:00,1.9255455682559999,A
1987-04-21 10:00,1.9255455682559999,A
1987-04-21 11:00,1.9255455682559999,A
1987-04-21 12:00,1.9255455682559999,A
1987-04-21 13:00,1.9255455682559999,A
1987-04-21 14:00,1.9255455682559999,A
1987-04-21 15:00,1.9255455682559999,A
1987-04-21 16:00,21.655308431232,A
1987-04-21 17:00,23.191497358848,A
1987-04-21 18:00,22.483576194048,A
1987-04-21 19:00,22.341991961088,A
1987-04-21 20:00,22.143774034944002,A
1987-04-21 21:00,21.690704489471997,A
1987-04-21 22:00,21.690704489471997,A
1987-04-21 23:00,21.662387642880002,A
1987-04-22 00:00,21.577437103104,A
1987-04-22 01:00,21.464169716736,A
1987-04-22 02:00,21.464169716736,A
1987-04-22 03:00,21.237634944,A
1987-04-22 04:00,20.954466478079997,A
1987-04-22 05:00,20.897832784896,A
1987-04-22 06:00,20.897832784896,A
1987-04-22 07:00,20.897832784896,A
1987-04-22 08:00,20.897832784896,A
1987-04-22 09:00,20.897832784896,A
1987-04-22 10:00,20.897832784896,A
1987-04-22 11:00,20.897832784896,A
1987-04-22 12:00,20.246545313280002,A
1987-04-22 13:00,19.8217926144,A
1987-04-22 14:00,19.8217926144,A
1987-04-22 15:00,19.8217926144,A
1987-04-22 16:00,19.8217926144,A
1987-04-22 17:00,19.736842074624,A
1987-04-22 18:00,19.651891534848,A
1987-04-22 19:00,19.375802280576,A
1987-04-22 20:00,19.142188296192,A
1987-04-22 21:00,18.398871073152,A
1987-04-22 22:00,17.613078580224006,A
1987-04-22 23:00,17.613078580224006,A
1987-04-23 00:00,17.613078580224006,A
1987-04-23 01:00,17.613078580224006,A
1987-04-23 02:00,17.48565277056,A
1987-04-23 03:00,16.763573182464,A
1987-04-23 04:00,16.763573182464,A
1987-04-23 05:00,16.763573182464,A
1987-04-23 06:00,16.763573182464,A
1987-04-23 07:00,16.763573182464,A
1987-04-23 08:00,16.763573182464,A
1987-04-23 09:00,16.763573182464,A
1987-04-23 10:00,16.763573182464,A
1987-04-23 11:00,16.763573182464,A
1987-04-23 12:00,16.763573182464,A
1987-04-23 13:00,16.763573182464,A
1987-04-23 14:00,16.763573182464,A
1987-04-23 15:00,16.763573182464,A
1987-04-23 16:00,16.763573182464,A
1987-04-23 17:00,16.763573182464,A
1987-04-23 18:00,16.763573182464,A
1987-04-23 19:00,16.763573182464,A
1987-04-23 20:00,16.763573182464,A
1987-04-23 21:00,16.763573182464,A
1987-04-23 22:00,16.763573182464,A
1987-04-23 23:00,16.593672102912002,A
1987-04-24 00:00,16.593672102912002,A
1987-04-24 01:00,16.551196833024,A
1987-04-24 02:00,16.487483928192,A
1987-04-24 03:00,16.508721563136,A
1987-04-24 04:00,16.508721563136,A
1987-05-11 05:00,192.5545568256,A
1987-05-11 06:00,192.5545568256,A
1987-05-11 07:00,192.5545568256,A
1987-05-11 08:00,192.5545568256,A
1987-05-11 09:00,192.5545568256,A
1987-05-11 10:00,192.5545568256,A
1987-05-11 11:00,192.5545568256,A
1987-05-11 12:00,192.5545568256,A
1987-05-11 13:00,192.5545568256,A
1987-05-11 14:00,194.89069666944,A
1987-05-11 15:00,198.50109460992002,A
1987-05-11 16:00,195.10307301888,A
1987-05-11 17:00,195.10307301888,A
1987-05-11 18:00,195.10307301888,A
1987-05-11 19:00,195.10307301888,A
1987-05-11 20:00,195.10307301888,A
1987-05-11 21:00,195.10307301888,A
1987-05-11 22:00,195.10307301888,A
1987-05-11 23:00,195.10307301888,A
1987-05-12 00:00,195.10307301888,A
1987-05-12 01:00,195.10307301888,A
1987-05-12 02:00,195.10307301888,A
1987-05-12 03:00,195.10307301888,A
1987-05-12 04:00,195.10307301888,A
1987-07-10 05:00,1.8972287216639998,A
1987-07-10 06:00,1.868911875072,A
1987-07-10 07:00,1.868911875072,A
1987-07-10 08:00,1.812278181888,A
1987-07-10 09:00,1.812278181888,A
1987-07-10 10:00,1.812278181888,A
1987-07-10 11:00,1.812278181888,A
1987-07-10 12:00,1.798119758592,A
1987-07-10 13:00,1.7698029119999998,A
1987-07-10 14:00,1.755644488704,A
1987-07-10 15:00,1.7485652770559998,A
1987-07-10 16:00,38.142792359424,A
1987-07-10 17:00,53.419731095808004,A
1987-07-10 18:00,15.29109715968,A
1987-07-10 19:00,8.155251818496,A
1987-07-10 20:00,4.856339190528,A
1987-07-10 21:00,3.25643735808,A
1987-07-10 22:00,2.54851619328,A
1987-07-10 23:00,2.152080340992,A
1987-07-11 00:00,1.975100049792,A
1987-07-11 01:00,1.8759910867200003,A
1987-07-11 02:00,1.812278181888,A
1987-07-11 03:00,1.791040546944,A
1987-07-11 04:00,1.783961335296,A
1987-07-11 05:00,1.783961335296,A
1987-07-11 06:00,1.783961335296,A
1987-07-11 07:00,1.783961335296,A
1987-07-11 08:00,1.776882123648,A
1987-07-11 09:00,1.755644488704,A
1987-07-11 10:00,1.755644488704,A
1987-07-11 11:00,1.755644488704,A
1987-07-11 12:00,1.755644488704,A
1987-07-11 13:00,1.73440685376,A
1987-07-11 14:00,4.10594275584,A
1987-07-11 15:00,41.4133881408,A
1987-07-11 16:00,54.5099296896,A
1987-07-11 17:00,36.415464717312005,A
1987-07-11 18:00,13.358472379776002,A
1987-07-11 19:00,7.603073309952,A
1987-07-11 20:00,4.665200476032,A
1987-07-11 21:00,3.199803664896,A
1987-07-11 22:00,2.51312013504,A
1987-07-11 23:00,2.173317975936,A
1987-07-12 00:00,1.975100049792,A
1987-07-12 01:00,1.8759910867200003,A
1987-07-12 02:00,1.854753451776,A
1987-07-12 03:00,1.812278181888,A
1987-07-12 04:00,1.812278181888,A
1987-07-12 05:00,1.812278181888,A
1987-07-12 06:00,1.8051989702400002,A
1987-07-12 07:00,1.783961335296,A
1987-07-12 08:00,1.783961335296,A
1987-07-12 09:00,1.783961335296,A
1987-07-12 10:00,1.783961335296,A
1987-07-12 11:00,1.783961335296,A
1987-07-12 12:00,1.755644488704,A
1987-07-12 13:00,1.7485652770559998,A
1987-07-12 14:00,1.727327642112,A
1987-07-12 15:00,1.727327642112,A
1987-07-12 16:00,36.365910235776,A
1987-07-12 17:00,48.789926678016,A
1987-07-12 18:00,14.526542301696,A
1987-07-12 19:00,7.730499119616,A
1987-07-12 20:00,4.6014875712,A
1987-07-12 21:00,3.1077739134719997,A
1987-07-12 22:00,2.4777240768,A
1987-07-12 23:00,2.130842706048,A
1987-07-13 00:00,1.939703991552,A
1987-07-13 01:00,1.861832663424,A
1987-07-13 02:00,1.812278181888,A
1987-07-13 03:00,1.8051989702400002,A
1987-07-13 04:00,1.783961335296,A
1987-07-13 05:00,1.783961335296,A
1987-07-13 06:00,1.783961335296,A
1987-07-13 07:00,1.783961335296,A
1987-07-13 08:00,1.776882123648,A
1987-07-13 09:00,1.883070298368,A
1987-07-13 10:00,2.060050589568,A
1987-07-13 11:00,2.031733742976,A
1987-07-13 12:00,1.91138714496,A
1987-07-13 13:00,1.84059502848,A
1987-07-13 14:00,1.791040546944,A
1987-07-13 15:00,1.755644488704,A
1987-07-13 16:00,1.727327642112,A
1987-07-13 17:00,1.727327642112,A
1987-07-13 18:00,1.727327642112,A
1987-07-13 19:00,10.463074815744,A
1987-07-13 20:00,40.493090626560004,A
1987-07-13 21:00,46.86438110976,A
1987-07-13 22:00,31.481254198656,A
1987-07-13 23:00,12.2116400928,A
1987-07-14 00:00,7.036736378112,A
1987-07-14 01:00,4.325398316928,A
1987-07-14 02:00,3.0652986435839997,A
1987-07-14 03:00,2.491882500096,A
1987-07-14 04:00,2.166238764288,A
1987-07-14 05:00,1.989258473088,A
1987-07-14 06:00,1.91138714496,A
1987-07-14 07:00,1.8759910867200003,A
1987-07-14 08:00,1.84059502848,A
1987-07-14 09:00,1.812278181888,A
1987-07-14 10:00,1.812278181888,A
1987-07-14 11:00,1.798119758592,A
1987-07-14 12:00,1.762723700352,A
1987-07-14 13:00,1.73440685376,A
1987-07-14 14:00,1.706090007168,A
1987-07-14 15:00,1.6990107955200002,A
1987-07-14 16:00,1.6990107955200002,A
1987-07-14 17:00,1.6990107955200002,A
1987-07-14 18:00,1.6990107955200002,A
1987-07-14 19:00,1.6990107955200002,A
1987-07-14 20:00,1.6990107955200002,A
1987-07-14 21:00,14.222136200831999,A
1987-07-14 22:00,42.05051718912,A
1987-07-14 23:00,69.7302347328,A
1987-07-15 00:00,71.78320611072,A
1987-07-15 01:00,72.77429574144,A
1987-07-15 02:00,56.067356252159996,A
1987-07-15 03:00,18.377633438208,A
1987-07-15 04:00,10.455995604096,A
1987-07-15 05:00,6.555349986048,A
1987-07-15 06:00,4.21213093056,A
1987-07-15 07:00,3.036981796992,A
1987-07-15 08:00,2.491882500096,A
1987-07-15 09:00,2.180397187584,A
1987-07-15 10:00,2.010496108032,A
1987-07-15 11:00,1.918466356608,A
1987-07-15 12:00,1.84059502848,A
1987-07-15 13:00,1.783961335296,A
1987-07-15 14:00,1.755644488704,A
1987-07-15 15:00,1.755644488704,A
1987-07-15 16:00,1.741486065408,A
1987-07-15 17:00,1.727327642112,A
1987-07-15 18:00,1.727327642112,A
1987-07-15 19:00,27.21956878656,A
1987-07-15 20:00,58.19111974656,A
1987-07-15 21:00,74.47330653696,A
1987-07-15 22:00,95.71094148096,A
1987-07-15 23:00,58.757456678400004,A
1987-07-16 00:00,19.25545568256,A
1987-07-16 01:00,10.951540419456,A
1987-07-16 02:00,6.852676875264001,A
1987-07-16 03:00,4.431586491648,A
1987-07-16 04:00,3.2422789347839998,A
1987-07-16 05:00,2.5414369816319997,A
1987-07-16 06:00,2.22995166912,A
1987-07-16 07:00,2.010496108032,A
1987-07-16 08:00,1.9255455682559999,A
1987-07-16 09:00,1.854753451776,A
1987-07-16 10:00,1.8264366051840002,A
1987-07-16 11:00,1.8051989702400002,A
1987-07-16 12:00,1.762723700352,A
1987-07-16 13:00,1.73440685376,A
1987-07-16 14:00,35.742939610752,A
1987-07-16 15:00,97.26836804352,A
1987-07-16 16:00,105.26787720576,A
1987-07-16 17:00,99.39213153792,A
1987-07-16 18:00,91.74658295808001,A
1987-07-16 19:00,88.20697713408,A
1987-07-16 20:00,81.41093395200002,A
1987-07-16 21:00,98.96737883904,A
1987-07-16 22:00,101.02035021696,A
1987-07-16 23:00,101.72827138176001,A
1987-07-17 00:00,61.30597287168001,A
1987-07-17 01:00,20.756248551936,A
1987-07-17 02:00,11.758570547328,A
1987-07-17 03:00,7.369459325568,A
1987-07-17 04:00,4.643962841088,A
1987-07-17 05:00,3.2493581464320003,A
1987-07-17 06:00,2.5909914631679998,A
1987-07-17 07:00,2.2370308807679997,A
1987-07-17 08:00,2.01757531968,A
1987-07-17 09:00,1.9255455682559999,A
1987-07-17 10:00,1.8759910867200003,A
1987-07-17 11:00,1.8264366051840002,A
1987-07-17 12:00,1.7698029119999998,A
1987-07-17 13:00,1.73440685376,A
1987-07-17 14:00,1.720248430464,A
1987-07-17 15:00,1.6990107955200002,A
1987-07-17 16:00,1.6990107955200002,A
1987-07-17 17:00,1.677773160576,A
1987-07-17 18:00,1.720248430464,A
1987-07-17 19:00,1.73440685376,A
1987-07-17 20:00,1.727327642112,A
1987-07-17 21:00,14.101789602816,A
1987-07-17 22:00,34.617344958720004,A
1987-07-17 23:00,38.65249559808,A
1987-07-18 00:00,39.92675369472,A
1987-07-18 01:00,26.320508907264,A
1987-07-18 02:00,11.086045440768,A
1987-07-18 03:00,6.427924176384,A
1987-07-18 04:00,4.0705466976,A
1987-07-18 05:00,2.93787283392,A
1987-07-18 06:00,2.40693196032,A
1987-07-18 07:00,2.1237634944,A
1987-07-18 08:00,1.975100049792,A
1987-07-18 09:00,1.8972287216639998,A
1987-07-18 10:00,1.84059502848,A
1987-07-18 11:00,1.798119758592,A
1987-07-18 12:00,1.741486065408,A
1987-07-18 13:00,1.727327642112,A
1987-07-18 14:00,1.6990107955200002,A
1987-07-18 15:00,1.677773160576,A
1987-07-18 16:00,1.670693948928,A
1987-07-18 17:00,1.656535525632,A
1987-07-18 18:00,1.6423771023359999,A
1987-07-18 19:00,1.6423771023359999,A
1987-07-18 20:00,1.6423771023359999,A
1987-07-18 21:00,1.6423771023359999,A
1987-07-18 22:00,1.6423771023359999,A
1987-07-18 23:00,1.6423771023359999,A
1987-07-19 00:00,1.6423771023359999,A
1987-07-19 01:00,34.850958943104004,A
1987-07-19 02:00,58.19111974656,A
1987-07-19 03:00,19.389960703872003,A
1987-07-19 04:00,9.52153966656,A
1987-07-19 05:00,5.691686164992,A
1987-07-19 06:00,3.64579399872,A
1987-07-19 07:00,2.753813331072,A
1987-07-19 08:00,2.3007437856,A
1987-07-19 09:00,2.045892166272,A
1987-07-19 10:00,1.9255455682559999,A
1987-07-19 11:00,1.861832663424,A
1987-07-19 12:00,1.791040546944,A
1987-07-19 13:00,1.741486065408,A
1987-07-19 14:00,1.713169218816,A
1987-07-19 15:00,1.6919315838720002,A
1987-07-19 16:00,1.670693948928,A
1987-07-19 17:00,1.670693948928,A
1987-07-19 18:00,1.670693948928,A
1987-07-19 19:00,1.670693948928,A
1987-07-19 20:00,21.230555732352,A
1987-07-19 21:00,58.686664561920004,A
1987-07-19 22:00,65.27033139455999,A
1987-07-19 23:00,67.11092642304,A
1987-07-20 00:00,63.85448906495999,A
1987-07-20 01:00,24.52946836032,A
1987-07-20 02:00,12.239956939392,A
1987-07-20 03:00,7.553518828415999,A
1987-07-20 04:00,4.7572302274560005,A
1987-07-20 05:00,3.3272294745599997,A
1987-07-20 06:00,2.612229098112,A
1987-07-20 07:00,2.244110092416,A
1987-07-20 08:00,2.010496108032,A
1987-07-20 09:00,1.9255455682559999,A
1987-07-20 10:00,1.8759910867200003,A
1987-07-20 11:00,1.8264366051840002,A
1987-07-20 12:00,1.7698029119999998,A
1987-07-20 13:00,1.73440685376,A
1987-07-20 14:00,1.713169218816,A
1987-07-20 15:00,1.6990107955200002,A
1987-07-20 16:00,7.475647500288,A
1987-07-20 17:00,38.935664064,A
1987-07-20 18:00,65.05795504512,A
1987-07-20 19:00,80.77380490368,A
1987-07-20 20:00,83.60548956288,A
1987-07-20 21:00,84.87974765951999,A
1987-07-20 22:00,85.44608459135999,A
1987-07-20 23:00,85.80004517376,A
1987-07-21 00:00,86.08321363968001,A
1987-07-21 01:00,53.09408736,A
1987-07-21 02:00,18.667881115776,A
1987-07-21 03:00,10.668371953536,A
1987-07-21 04:00,6.732330277248,A
1987-07-21 05:00,4.290002258688,A
1987-07-21 06:00,3.051140220288,A
1987-07-21 07:00,2.491882500096,A
1987-07-21 08:00,2.180397187584,A
1987-07-21 09:00,1.9821792614400002,A
1987-07-21 10:00,1.904307933312,A
1987-07-21 11:00,1.854753451776,A
1987-07-21 12:00,1.783961335296,A
1987-07-21 13:00,1.7485652770559998,A
1987-07-21 14:00,1.713169218816,A
1987-07-21 15:00,1.6990107955200002,A
1987-07-21 16:00,1.6990107955200002,A
1987-07-21 17:00,7.7871328127999995,A
1987-07-21 18:00,59.8193384256,A
1987-07-21 19:00,79.42875469056,A
1987-07-21 20:00,82.75598416512,A
1987-07-21 21:00,84.31341072768002,A
1987-07-21 22:00,85.23370824192,A
1987-07-21 23:00,85.51687670784,A
1987-07-22 00:00,51.96141349632,A
1987-07-22 01:00,18.363475014911998,A
1987-07-22 02:00,10.555104567168,A
1987-07-22 03:00,6.597825255936001,A
1987-07-22 04:00,4.226289353856,A
1987-07-22 05:00,3.036981796992,A
1987-07-22 06:00,2.484803288448,A
1987-07-22 07:00,2.173317975936,A
1987-07-22 08:00,1.9821792614400002,A
1987-07-22 09:00,1.91138714496,A
1987-07-22 10:00,1.868911875072,A
1987-07-22 11:00,1.812278181888,A
1987-07-22 12:00,1.7698029119999998,A
1987-07-22 13:00,1.73440685376,A
1987-07-22 14:00,1.706090007168,A
1987-07-22 15:00,1.6990107955200002,A
1987-07-22 16:00,1.6990107955200002,A
1987-07-22 17:00,1.6990107955200002,A
1987-07-22 18:00,10.661292741888,A
1987-07-22 19:00,47.71388650752,A
1987-07-22 20:00,55.78418778624,A
1987-07-22 21:00,76.88023849728,A
1987-07-22 22:00,96.63123899520001,A
1987-07-22 23:00,100.02926058624,A
1987-07-23 00:00,61.235180755200005,A
1987-07-23 01:00,20.543872202496,A
1987-07-23 02:00,11.510798139648,A
1987-07-23 03:00,7.227875092608,A
1987-07-23 04:00,4.6014875712,A
1987-07-23 05:00,3.213962088192,A
1987-07-23 06:00,2.562674616576,A
1987-07-23 07:00,2.215793245824,A
1987-07-23 08:00,2.010496108032,A
1987-07-23 09:00,1.9255455682559999,A
1987-07-23 10:00,1.883070298368,A
1987-07-23 11:00,1.868911875072,A
1987-07-23 12:00,1.783961335296,A
1987-07-23 13:00,1.73440685376,A
1987-07-23 14:00,1.727327642112,A
1987-07-23 15:00,1.6990107955200002,A
1987-07-23 16:00,1.6990107955200002,A
1987-07-23 17:00,1.6990107955200002,A
1987-07-23 18:00,1.6990107955200002,A
1987-07-23 19:00,1.6990107955200002,A
1987-07-23 20:00,1.6990107955200002,A
1987-07-23 21:00,32.097145612032,A
1987-07-23 22:00,83.60548956288,A
1987-07-23 23:00,54.566563382784004,A
1987-07-24 00:00,17.02550401344,A
1987-07-24 01:00,9.5569357248,A
1987-07-24 02:00,5.9748546309120005,A
1987-07-24 03:00,3.82277428992,A
1987-07-24 04:00,2.8600015057920003,A
1987-07-24 05:00,2.385694325376,A
1987-07-24 06:00,2.1166842827520003,A
1987-07-24 07:00,1.9467832031999999,A
1987-07-24 08:00,1.883070298368,A
1987-07-24 09:00,1.84059502848,A
1987-07-24 10:00,1.791040546944,A
1987-07-24 11:00,1.7698029119999998,A
1987-07-24 12:00,1.741486065408,A
1987-07-24 13:00,1.720248430464,A
1987-07-24 14:00,1.6990107955200002,A
1987-07-24 15:00,1.6990107955200002,A
1987-07-24 16:00,1.6990107955200002,A
1987-07-24 17:00,1.6990107955200002,A
1987-07-24 18:00,1.670693948928,A
1987-07-24 19:00,22.44110092416,A
1987-07-24 20:00,59.32379361024,A
1987-07-24 21:00,64.7747865792,A
1987-07-24 22:00,66.40300525824,A
1987-07-24 23:00,42.220418268672,A
1987-07-25 00:00,15.489315085824002,A
1987-07-25 01:00,9.040153274496,A
1987-07-25 02:00,5.677527741696,A
1987-07-25 03:00,3.709506903552,A
1987-07-25 04:00,2.7892093893120005,A
1987-07-25 05:00,2.3644566904319997,A
1987-07-25 06:00,2.08836743616,A
1987-07-25 07:00,1.9467832031999999,A
1987-07-25 08:00,1.883070298368,A
1987-07-25 09:00,1.8264366051840002,A
1987-07-25 10:00,1.798119758592,A
1987-07-25 11:00,1.7698029119999998,A
1987-07-25 12:00,1.741486065408,A
1987-07-25 13:00,1.720248430464,A
1987-07-25 14:00,1.6990107955200002,A
1987-07-25 15:00,1.670693948928,A
1987-07-25 16:00,1.670693948928,A
1987-07-25 17:00,1.670693948928,A
1987-07-25 18:00,32.599769639040005,A
1987-07-25 19:00,76.66786214784,A
1987-07-25 20:00,48.704976138240006,A
1987-07-25 21:00,43.041606819840005,A
1987-07-25 22:00,42.1213093056,A
1987-07-25 23:00,42.05051718912,A
1987-07-26 00:00,27.941648374656,A
1987-07-26 01:00,11.878917145344,A
1987-07-26 02:00,7.086290859648,A
1987-07-26 03:00,4.4528241265920006,A
1987-07-26 04:00,3.129011548416,A
1987-07-26 05:00,2.51312013504,A
1987-07-26 06:00,2.187476399232,A
1987-07-26 07:00,1.989258473088,A
1987-07-26 08:00,1.91138714496,A
1987-07-26 09:00,1.84059502848,A
1987-07-26 10:00,1.8051989702400002,A
1987-07-26 11:00,1.776882123648,A
1987-07-26 12:00,1.741486065408,A
1987-07-26 13:00,1.713169218816,A
1987-07-26 14:00,1.6990107955200002,A
1987-07-26 15:00,3.99975458112,A
1987-07-26 16:00,47.35992592512,A
1987-07-26 17:00,38.79407983104,A
1987-07-26 18:00,13.174412876928,A
1987-07-26 19:00,7.1429245528320005,A
1987-07-26 20:00,4.3183191052800005,A
1987-07-26 21:00,2.9874273154560003,A
1987-07-26 22:00,2.392773537024,A
1987-07-26 23:00,2.081288224512,A
1987-07-27 00:00,1.918466356608,A
1987-07-27 01:00,1.819357393536,A
1987-07-27 02:00,1.783961335296,A
1987-07-27 03:00,1.755644488704,A
1987-07-27 04:00,1.755644488704,A
1987-07-27 05:00,1.755644488704,A
1987-07-27 06:00,1.755644488704,A
1987-07-27 07:00,1.755644488704,A
1987-07-27 08:00,1.755644488704,A
1987-07-27 09:00,1.755644488704,A
1987-07-27 10:00,1.755644488704,A
1987-07-27 11:00,1.755644488704,A
1987-07-27 12:00,1.727327642112,A
1987-07-27 13:00,1.706090007168,A
1987-07-27 14:00,1.6990107955200002,A
1987-07-27 15:00,1.6990107955200002,A
1987-07-27 16:00,1.6990107955200002,A
1987-07-27 17:00,39.07724829695999,A
1987-07-27 18:00,99.39213153792,A
1987-07-27 19:00,107.32084858368,A
1987-07-27 20:00,119.42630050176001,A
1987-07-27 21:00,125.65600675200001,A
1987-07-27 22:00,127.07184908159999,A
1987-07-27 23:00,127.49660178048,A
1987-07-28 00:00,77.80053601152001,A
1987-07-28 01:00,24.840953672831997,A
1987-07-28 02:00,13.549611094272,A
1987-07-28 03:00,8.346390532992,A
1987-07-28 04:00,5.238616619519999,A
1987-07-28 05:00,3.589160305536,A
1987-07-28 06:00,2.7254964844800003,A
1987-07-28 07:00,2.307822997248,A
1987-07-28 08:00,2.060050589568,A
1987-07-28 09:00,1.932624779904,A
1987-07-28 10:00,1.8759910867200003,A
1987-07-28 11:00,1.819357393536,A
1987-07-28 12:00,1.7698029119999998,A
1987-07-28 13:00,1.713169218816,A
1987-07-28 14:00,1.6990107955200002,A
1987-07-28 15:00,1.6990107955200002,A
1987-07-28 16:00,1.798119758592,A
1987-07-28 17:00,1.9255455682559999,A
1987-07-28 18:00,42.6522501792,A
1987-07-28 19:00,114.40006023168002,A
1987-07-28 20:00,123.88620384,A
1987-07-28 21:00,127.14264119808,A
1987-07-28 22:00,128.77085987712002,A
1987-07-28 23:00,129.47878104192,A
1987-07-29 00:00,129.76194950783997,A
1987-07-29 01:00,80.06588373888,A
1987-07-29 02:00,25.393132181376,A
1987-07-29 03:00,13.776145867008,A
1987-07-29 04:00,8.473816342655999,A
1987-07-29 05:00,5.3164879476480005,A
1987-07-29 06:00,3.589160305536,A
1987-07-29 07:00,2.7254964844800003,A
1987-07-29 08:00,2.314902208896,A
1987-07-29 09:00,2.067129801216,A
1987-07-29 10:00,1.939703991552,A
1987-07-29 11:00,1.883070298368,A
1987-07-29 12:00,1.798119758592,A
1987-07-29 13:00,1.741486065408,A
1987-07-29 14:00,1.7698029119999998,A
1987-07-29 15:00,1.8972287216639998,A
1987-07-29 16:00,1.861832663424,A
1987-07-29 17:00,1.8051989702400002,A
1987-07-29 18:00,1.783961335296,A
1987-07-29 19:00,38.772842196096,A
1987-07-29 20:00,96.84361534464001,A
1987-07-29 21:00,105.26787720576,A
1987-07-29 22:00,108.02876974848,A
1987-07-29 23:00,109.30302784511998,A
1987-07-30 00:00,67.9604318208,A
1987-07-30 01:00,22.235803786368,A
1987-07-30 02:00,12.409858018943998,A
1987-07-30 03:00,7.695103061376,A
1987-07-30 04:00,4.898814460416,A
1987-07-30 05:00,3.341387897856,A
1987-07-30 06:00,2.612229098112,A
1987-07-30 07:00,2.244110092416,A
1987-07-30 08:00,2.01757531968,A
1987-07-30 09:00,1.918466356608,A
1987-07-30 10:00,1.883070298368,A
1987-07-30 11:00,1.854753451776,A
1987-07-30 12:00,1.798119758592,A
1987-07-30 13:00,1.73440685376,A
1987-07-30 14:00,1.713169218816,A
1987-07-30 15:00,1.6990107955200002,A
1987-07-30 16:00,9.726836804352,A
1987-07-30 17:00,40.56388274304,A
1987-07-30 18:00,70.29657166464001,A
1987-07-30 19:00,96.70203111168001,A
1987-07-30 20:00,100.80797386751999,A
1987-07-30 21:00,102.22381619712,A
1987-07-30 22:00,103.0025294784,A
1987-07-30 23:00,103.63965852671998,A
1987-07-31 00:00,98.89658672256,A
1987-07-31 01:00,46.08566782848,A
1987-07-31 02:00,18.257286840192002,A
1987-07-31 03:00,10.590500625408,A
1987-07-31 04:00,6.647379737472,A
1987-07-31 05:00,4.275843835392,A
1987-07-31 06:00,3.015744162048,A
1987-07-31 07:00,2.484803288448,A
1987-07-31 08:00,2.1591595526400003,A
1987-07-31 09:00,1.975100049792,A
1987-07-31 10:00,1.8972287216639998,A
1987-07-31 11:00,1.84059502848,A
1987-07-31 12:00,1.776882123648,A
1987-07-31 13:00,1.73440685376,A
1987-07-31 14:00,1.706090007168,A
1987-07-31 15:00,1.6990107955200002,A
1987-07-31 16:00,1.6990107955200002,A
1987-07-31 17:00,1.677773160576,A
1987-07-31 18:00,18.0519897024,A
1987-07-31 19:00,43.67873586816,A
1987-07-31 20:00,48.4925997888,A
1987-07-31 21:00,49.41289730304001,A
1987-07-31 22:00,49.979234234879996,A
1987-07-31 23:00,50.2624027008,A
1987-08-01 00:00,33.718285079424,A
1987-08-01 01:00,13.457581342848,A
1987-08-01 02:00,7.971192315648,A
1987-08-01 03:00,4.962527365248,A
1987-08-01 04:00,3.369704744448,A
1987-08-01 05:00,2.6334667330559998,A
1987-08-01 06:00,2.244110092416,A
1987-08-01 07:00,2.010496108032,A
1987-08-01 08:00,1.91138714496,A
1987-08-01 09:00,1.854753451776,A
1987-08-01 10:00,1.798119758592,A
1987-08-01 11:00,1.7698029119999998,A
1987-08-01 12:00,1.741486065408,A
1987-08-01 13:00,1.713169218816,A
1987-08-01 14:00,1.6919315838720002,A
1987-08-01 15:00,1.670693948928,A
1987-08-01 16:00,1.670693948928,A
1987-08-01 17:00,1.670693948928,A
1987-08-01 18:00,22.79506150656,A
1987-08-01 19:00,59.253001493759996,A
1987-08-01 20:00,65.55349986048,A
1987-08-01 21:00,67.18171853951999,A
1987-08-01 22:00,68.10201605376,A
1987-08-01 23:00,68.59756086912,A
1987-08-02 00:00,44.089330143744,A
1987-08-02 01:00,16.275107578752,A
1987-08-02 02:00,9.471985185024,A
1987-08-02 03:00,5.960696207616,A
1987-08-02 04:00,3.82277428992,A
1987-08-02 05:00,2.852922294144,A
1987-08-02 06:00,2.3644566904319997,A
1987-08-02 07:00,2.08836743616,A
1987-08-02 08:00,1.9467832031999999,A
1987-08-02 09:00,1.883070298368,A
1987-08-02 10:00,1.8051989702400002,A
1987-08-02 11:00,1.7698029119999998,A
1987-08-02 12:00,1.741486065408,A
1987-08-02 13:00,1.706090007168,A
1987-08-02 14:00,18.01659364416,A
1987-08-02 15:00,57.83715916415999,A
1987-08-02 16:00,65.19953927808001,A
1987-08-02 17:00,67.18171853951999,A
1987-08-02 18:00,68.10201605376,A
1987-08-02 19:00,68.52676875264,A
1987-08-02 20:00,68.95152145152001,A
1987-08-02 21:00,69.022313568,A
1987-08-02 22:00,69.23468991744001,A
1987-08-02 23:00,69.23468991744001,A
1987-08-03 00:00,69.16389780096,A
1987-08-03 01:00,44.698142345472,A
1987-08-03 02:00,16.466246293248002,A
1987-08-03 03:00,9.585252571392,A
1987-08-03 04:00,6.038567535744,A
1987-08-03 05:00,3.8935664063999997,A
1987-08-03 06:00,2.874159929088,A
1987-08-03 07:00,2.392773537024,A
1987-08-03 08:00,2.1166842827520003,A
1987-08-03 09:00,1.9467832031999999,A
1987-08-03 10:00,1.861832663424,A
1987-08-03 11:00,1.8264366051840002,A
1987-08-03 12:00,1.7698029119999998,A
1987-08-03 13:00,1.720248430464,A
1987-08-03 14:00,1.6990107955200002,A
1987-08-03 15:00,1.6990107955200002,A
1987-08-03 16:00,1.684852372224,A
1987-08-03 17:00,33.194423417472,A
1987-08-03 18:00,80.49063643776,A
1987-08-03 19:00,95.35698089856,A
1987-08-03 20:00,100.66638963455999,A
1987-08-03 21:00,102.15302408064,A
1987-08-03 22:00,103.0025294784,A
1987-08-03 23:00,103.3564900608,A
1987-08-04 00:00,64.70399446271999,A
1987-08-04 01:00,21.577437103104,A
1987-08-04 02:00,12.041739013248,A
1987-08-04 03:00,7.4614890769920015,A
1987-08-04 04:00,4.714754957568,A
1987-08-04 05:00,3.270595781376,A
1987-08-04 06:00,2.569753828224,A
1987-08-04 07:00,2.215793245824,A
1987-08-04 08:00,2.010496108032,A
1987-08-04 09:00,1.8972287216639998,A
1987-08-04 10:00,1.84059502848,A
1987-08-04 11:00,1.791040546944,A
1987-08-04 12:00,1.7485652770559998,A
1987-08-04 13:00,1.713169218816,A
1987-08-04 14:00,1.6919315838720002,A
1987-08-04 15:00,1.677773160576,A
1987-08-04 16:00,1.6990107955200002,A
1987-08-04 17:00,1.6990107955200002,A
1987-08-04 18:00,7.277429574144,A
1987-08-04 19:00,32.436947771136,A
1987-08-04 20:00,49.625273652480004,A
1987-08-04 21:00,64.13765753088,A
1987-08-04 22:00,66.82775795712,A
1987-08-04 23:00,67.88963970431999,A
1987-08-05 00:00,31.714868183040004,A
1987-08-05 01:00,13.783225078656,A
1987-08-05 02:00,8.275598416512,A
1987-08-05 03:00,5.16782450304,A
1987-08-05 04:00,3.482972130816,A
1987-08-05 05:00,2.6901004262400003,A
1987-08-05 06:00,2.279506150656,A
1987-08-05 07:00,2.045892166272,A
1987-08-05 08:00,1.8972287216639998,A
1987-08-05 09:00,1.833515816832,A
1987-08-05 10:00,1.798119758592,A
1987-08-05 11:00,1.783961335296,A
1987-08-05 12:00,1.741486065408,A
1987-08-05 13:00,1.713169218816,A
1987-08-05 14:00,1.6919315838720002,A
1987-08-05 15:00,1.670693948928,A
1987-08-05 16:00,1.670693948928,A
1987-08-05 17:00,1.670693948928,A
1987-08-05 18:00,1.670693948928,A
1987-08-05 19:00,1.670693948928,A
1987-08-05 20:00,1.670693948928,A
1987-08-05 21:00,19.538624148479997,A
1987-08-05 22:00,58.47428821248001,A
1987-08-05 23:00,41.484180257279995,A
1987-08-06 00:00,14.094710391168,A
1987-08-06 01:00,7.829608082688,A
1987-08-06 02:00,4.7784678624,A
1987-08-06 03:00,3.277674993024,A
1987-08-06 04:00,2.562674616576,A
1987-08-06 05:00,2.215793245824,A
1987-08-06 06:00,2.010496108032,A
1987-08-06 07:00,1.91138714496,A
1987-08-06 08:00,1.854753451776,A
1987-08-06 09:00,1.798119758592,A
1987-08-06 10:00,1.776882123648,A
1987-08-06 11:00,1.755644488704,A
1987-08-06 12:00,1.73440685376,A
1987-08-06 13:00,1.706090007168,A
1987-08-06 14:00,1.6990107955200002,A
1987-08-06 15:00,1.6990107955200002,A
1987-08-06 16:00,1.677773160576,A
1987-08-06 17:00,1.670693948928,A
1987-08-06 18:00,1.670693948928,A
1987-08-06 19:00,1.670693948928,A
1987-08-06 20:00,1.670693948928,A
1987-08-06 21:00,1.670693948928,A
1987-08-06 22:00,18.505059247872,A
1987-08-06 23:00,47.147549575679996,A
1987-08-07 00:00,36.939326379264,A
1987-08-07 01:00,13.075303913856,A
1987-08-07 02:00,7.1924790343680005,A
1987-08-07 03:00,4.38911122176,A
1987-08-07 04:00,3.051140220288,A
1987-08-07 05:00,2.456486441856,A
1987-08-07 06:00,2.137921917696,A
1987-08-07 07:00,1.953862414848,A
1987-08-07 08:00,1.883070298368,A
1987-08-07 09:00,1.8264366051840002,A
1987-08-07 10:00,1.776882123648,A
1987-08-07 11:00,1.755644488704,A
1987-08-07 12:00,1.73440685376,A
1987-08-07 13:00,1.6990107955200002,A
1987-08-07 14:00,1.684852372224,A
1987-08-07 15:00,1.670693948928,A
1987-08-07 16:00,1.670693948928,A
1987-08-07 17:00,1.670693948928,A
1987-08-07 18:00,1.670693948928,A
1987-08-07 19:00,28.047836549376,A
1987-08-07 20:00,74.61489076992,A
1987-08-07 21:00,81.55251818496001,A
1987-08-07 22:00,83.67628167936,A
1987-08-07 23:00,85.09212400896,A
1987-08-08 00:00,53.518840058879995,A
1987-08-08 01:00,18.646643480832,A
1987-08-08 02:00,10.632975895296001,A
1987-08-08 03:00,6.661538160768,A
1987-08-08 04:00,4.2333685655040005,A
1987-08-08 05:00,3.015744162048,A
1987-08-08 06:00,2.456486441856,A
1987-08-08 07:00,2.137921917696,A
1987-08-08 08:00,1.9680208381439999,A
1987-08-08 09:00,1.883070298368,A
1987-08-08 10:00,1.8264366051840002,A
1987-08-08 11:00,1.776882123648,A
1987-08-08 12:00,1.741486065408,A
1987-08-08 13:00,1.706090007168,A
1987-08-08 14:00,1.684852372224,A
1987-08-08 15:00,1.670693948928,A
1987-08-08 16:00,33.937740640512004,A
1987-08-08 17:00,97.55153650944,A
1987-08-08 18:00,64.20844964736,A
1987-08-08 19:00,19.156346719488003,A
1987-08-08 20:00,10.555104567168,A
1987-08-08 21:00,6.555349986048,A
1987-08-08 22:00,4.155497237376,A
1987-08-08 23:00,2.952031257216,A
1987-08-09 00:00,2.399852748672,A
1987-08-09 01:00,2.067129801216,A
1987-08-09 02:00,1.9255455682559999,A
1987-08-09 03:00,1.812278181888,A
1987-08-09 04:00,1.798119758592,A
1987-08-09 05:00,1.7698029119999998,A
1987-08-09 06:00,1.755644488704,A
1987-08-09 07:00,1.7485652770559998,A
1987-08-09 08:00,1.727327642112,A
1987-08-09 09:00,1.727327642112,A
1987-08-09 10:00,1.727327642112,A
1987-08-09 11:00,1.713169218816,A
1987-08-09 12:00,1.727327642112,A
1987-08-09 13:00,1.684852372224,A
1987-08-09 14:00,1.670693948928,A
1987-08-09 15:00,1.670693948928,A
1987-08-09 16:00,1.670693948928,A
1987-08-09 17:00,21.09605071104,A
1987-08-09 18:00,58.54508032896001,A
1987-08-09 19:00,41.002793865216,A
1987-08-09 20:00,14.009759851392,A
1987-08-09 21:00,7.801291236096,A
1987-08-09 22:00,4.6935173226239995,A
1987-08-09 23:00,3.178566029952,A
1987-08-10 00:00,2.491882500096,A
1987-08-10 01:00,2.1237634944,A
1987-08-10 02:00,1.939703991552,A
1987-08-10 03:00,1.861832663424,A
1987-08-10 04:00,1.798119758592,A
1987-08-10 05:00,1.776882123648,A
1987-08-10 06:00,1.7485652770559998,A
1987-08-10 07:00,1.6990107955200002,A
1987-08-10 08:00,1.727327642112,A
1987-08-10 09:00,1.727327642112,A
1987-08-10 10:00,1.727327642112,A
1987-08-10 11:00,1.727327642112,A
1987-08-10 12:00,1.713169218816,A
1987-08-10 13:00,1.684852372224,A
1987-08-10 14:00,1.670693948928,A
1987-08-10 15:00,1.670693948928,A
1987-08-10 16:00,1.670693948928,A
1987-08-10 17:00,1.670693948928,A
1987-08-10 18:00,1.670693948928,A
1987-08-10 19:00,1.6423771023359999,A
1987-08-10 20:00,18.575851364352,A
1987-08-10 21:00,68.24360028672,A
1987-08-10 22:00,95.07381243264,A
1987-08-10 23:00,60.66884382335999,A
1987-08-11 00:00,19.227138835968002,A
1987-08-11 01:00,10.802876974848001,A
1987-08-11 02:00,6.7677263354880015,A
1987-08-11 03:00,4.304160681984,A
1987-08-11 04:00,3.051140220288,A
1987-08-11 05:00,2.4777240768,A
1987-08-11 06:00,2.152080340992,A
1987-08-11 07:00,1.975100049792,A
1987-08-11 08:00,1.890149510016,A
1987-08-11 09:00,1.8264366051840002,A
1987-08-11 10:00,1.776882123648,A
1987-08-11 11:00,1.741486065408,A
1987-08-11 12:00,1.727327642112,A
1987-08-11 13:00,1.6990107955200002,A
1987-08-11 14:00,1.670693948928,A
1987-08-11 15:00,1.670693948928,A
1987-08-11 16:00,1.670693948928,A
1987-08-11 17:00,1.670693948928,A
1987-08-11 18:00,1.670693948928,A
1987-08-11 19:00,1.670693948928,A
1987-08-11 20:00,21.265951790592002,A
1987-08-11 21:00,58.61587244544,A
1987-08-11 22:00,83.10994474752,A
1987-08-11 23:00,104.34757969152001,A
1987-08-12 00:00,66.33221314176001,A
1987-08-12 01:00,21.110209134336,A
1987-08-12 02:00,11.701936854144002,A
1987-08-12 03:00,7.334063267328,A
1987-08-12 04:00,4.615645994496,A
1987-08-12 05:00,3.213962088192,A
1987-08-12 06:00,2.562674616576,A
1987-08-12 07:00,2.201634822528,A
1987-08-12 08:00,1.9821792614400002,A
1987-08-12 09:00,1.8972287216639998,A
1987-08-12 10:00,1.8264366051840002,A
1987-08-12 11:00,1.776882123648,A
1987-08-12 12:00,1.741486065408,A
1987-08-12 13:00,1.706090007168,A
1987-08-12 14:00,1.6990107955200002,A
1987-08-12 15:00,1.6990107955200002,A
1987-08-12 16:00,1.6919315838720002,A
1987-08-12 17:00,1.670693948928,A
1987-08-12 18:00,1.670693948928,A
1987-08-12 19:00,1.677773160576,A
1987-08-12 20:00,35.99779123008001,A
1987-08-12 21:00,75.88914886656,A
1987-08-12 22:00,82.18964723328,A
1987-08-12 23:00,83.74707379584001,A
1987-08-13 00:00,54.08517699072001,A
1987-08-13 01:00,18.611247422592,A
1987-08-13 02:00,10.576342202112,A
1987-08-13 03:00,6.6332213141760015,A
1987-08-13 04:00,4.21213093056,A
1987-08-13 05:00,3.015744162048,A
1987-08-13 06:00,2.456486441856,A
1987-08-13 07:00,2.137921917696,A
1987-08-13 08:00,1.953862414848,A
1987-08-13 09:00,1.883070298368,A
1987-08-13 10:00,1.8051989702400002,A
1987-08-13 11:00,1.783961335296,A
1987-08-13 12:00,1.7485652770559998,A
1987-08-13 13:00,1.706090007168,A
1987-08-13 14:00,1.6990107955200002,A
1987-08-13 15:00,1.6990107955200002,A
1987-08-13 16:00,1.677773160576,A
1987-08-13 17:00,1.670693948928,A
1987-08-13 18:00,5.479309815552,A
1987-08-13 19:00,31.162689674496,A
1987-08-13 20:00,38.44011924864,A
1987-08-13 21:00,40.20992216064,A
1987-08-13 22:00,31.325511542399997,A
1987-08-13 23:00,12.615155156736,A
1987-08-14 00:00,7.128766129536,A
1987-08-14 01:00,4.38911122176,A
1987-08-14 02:00,3.051140220288,A
1987-08-14 03:00,2.4777240768,A
1987-08-14 04:00,2.152080340992,A
1987-08-14 05:00,1.975100049792,A
1987-08-14 06:00,1.883070298368,A
1987-08-14 07:00,1.8264366051840002,A
1987-08-14 08:00,1.783961335296,A
1987-08-14 09:00,1.762723700352,A
1987-08-14 10:00,1.7485652770559998,A
1987-08-14 11:00,1.727327642112,A
1987-08-14 12:00,1.727327642112,A
1987-08-14 13:00,1.706090007168,A
1987-08-14 14:00,1.6919315838720002,A
1987-08-14 15:00,1.670693948928,A
1987-08-14 16:00,1.670693948928,A
1987-08-14 17:00,2.060050589568,A
1987-08-14 18:00,7.532281193472,A
1987-08-14 19:00,34.603186535424,A
1987-08-14 20:00,59.18220937728,A
1987-08-14 21:00,54.93468238848,A
1987-08-14 22:00,43.96190433408,A
1987-08-14 23:00,30.008778175872003,A
1987-08-15 00:00,12.615155156736,A
1987-08-15 01:00,7.454409865344,A
1987-08-15 02:00,4.643962841088,A
1987-08-15 03:00,3.213962088192,A
1987-08-15 04:00,2.562674616576,A
1987-08-15 05:00,2.187476399232,A
1987-08-15 06:00,2.003416896384,A
1987-08-15 07:00,1.8972287216639998,A
1987-08-15 08:00,1.8051989702400002,A
1987-08-15 09:00,1.776882123648,A
1987-08-15 10:00,1.755644488704,A
1987-08-15 11:00,1.7485652770559998,A
1987-08-15 12:00,1.720248430464,A
1987-08-15 13:00,1.6990107955200002,A
1987-08-15 14:00,1.684852372224,A
1987-08-15 15:00,1.670693948928,A
1987-08-15 16:00,1.670693948928,A
1987-08-15 17:00,1.670693948928,A
1987-08-15 18:00,1.670693948928,A
1987-08-15 19:00,12.671788849919999,A
1987-08-15 20:00,34.475760725760004,A
1987-08-15 21:00,39.07724829695999,A
1987-08-15 22:00,40.20992216064,A
1987-08-15 23:00,28.713282444288,A
1987-08-16 00:00,11.793966605567999,A
1987-08-16 01:00,6.880993721856,A
1987-08-16 02:00,4.325398316928,A
1987-08-16 03:00,3.093615490176,A
1987-08-16 04:00,2.5414369816319997,A
1987-08-16 05:00,2.22995166912,A
1987-08-16 06:00,2.045892166272,A
1987-08-16 07:00,1.939703991552,A
1987-08-16 08:00,1.890149510016,A
1987-08-16 09:00,1.868911875072,A
1987-08-16 10:00,1.8264366051840002,A
1987-08-16 11:00,1.812278181888,A
1987-08-16 12:00,1.783961335296,A
1987-08-16 13:00,1.755644488704,A
1987-08-16 14:00,1.727327642112,A
1987-08-16 15:00,1.713169218816,A
1987-08-16 16:00,1.713169218816,A
1987-08-16 17:00,1.6990107955200002,A
1987-08-16 18:00,17.754662813183998,A
1987-08-16 19:00,44.45744914944,A
1987-08-16 20:00,48.20943132288,A
1987-08-16 21:00,24.062240391552,A
1987-08-16 22:00,10.668371953536,A
1987-08-16 23:00,6.357132059904,A
1987-08-17 00:00,4.077625909248,A
1987-08-17 01:00,2.980348103808,A
1987-08-17 02:00,2.484803288448,A
1987-08-17 03:00,2.258268515712,A
1987-08-17 04:00,2.102525859456,A
1987-08-17 05:00,2.010496108032,A
1987-08-17 06:00,1.9255455682559999,A
1987-08-17 07:00,1.890149510016,A
1987-08-17 08:00,1.868911875072,A
1987-08-17 09:00,1.84059502848,A
1987-08-17 10:00,1.812278181888,A
1987-08-17 11:00,1.812278181888,A
1987-08-17 12:00,18.08738576064,A
1987-08-17 13:00,37.314524596608,A
1987-08-17 14:00,12.494808558719999,A
1987-08-17 15:00,6.661538160768,A
1987-08-17 16:00,4.056388274304,A
1987-08-17 17:00,2.9024767756800003,A
1987-08-17 18:00,2.40693196032,A
1987-08-17 19:00,11.942630050176001,A
1987-08-17 20:00,27.36115301952,A
1987-08-17 21:00,11.305501001856001,A
1987-08-17 22:00,23.517141094656,A
1987-08-17 23:00,52.52775042816001,A
1987-08-18 00:00,57.3416143488,A
1987-08-18 01:00,58.757456678400004,A
1987-08-18 02:00,39.615268382208,A
1987-08-18 03:00,15.022087117056,A
1987-08-18 04:00,8.792380866816,A
1987-08-18 05:00,5.5359435087360005,A
1987-08-18 06:00,3.6953484802560004,A
1987-08-18 07:00,2.810447024256,A
1987-08-18 08:00,2.3786151137280003,A
1987-08-18 09:00,2.1166842827520003,A
1987-08-18 10:00,1.989258473088,A
1987-08-18 11:00,1.9255455682559999,A
1987-08-18 12:00,1.883070298368,A
1987-08-18 13:00,1.8051989702400002,A
1987-08-18 14:00,1.7698029119999998,A
1987-08-18 15:00,1.755644488704,A
1987-08-18 16:00,1.918466356608,A
1987-08-18 17:00,2.22995166912,A
1987-08-18 18:00,2.081288224512,A
1987-08-18 19:00,1.9467832031999999,A
1987-08-18 20:00,1.890149510016,A
1987-08-18 21:00,18.752831655552,A
1987-08-18 22:00,50.82873963264,A
1987-08-18 23:00,56.49210895104,A
1987-08-19 00:00,38.5817034816,A
1987-08-19 01:00,14.200898565888,A
1987-08-19 02:00,8.21188551168,A
1987-08-19 03:00,5.125349233152,A
1987-08-19 04:00,3.4971305541119997,A
1987-08-19 05:00,2.718417272832,A
1987-08-19 06:00,2.321981420544,A
1987-08-19 07:00,2.102525859456,A
1987-08-19 08:00,1.9680208381439999,A
1987-08-19 09:00,1.91138714496,A
1987-08-19 10:00,1.84059502848,A
1987-08-19 11:00,1.8264366051840002,A
1987-08-19 12:00,1.819357393536,A
1987-08-19 13:00,1.7698029119999998,A
1987-08-19 14:00,1.755644488704,A
1987-08-19 15:00,1.741486065408,A
1987-08-19 16:00,1.8759910867200003,A
1987-08-19 17:00,2.1166842827520003,A
1987-08-19 18:00,11.850600298752001,A
1987-08-19 19:00,69.16389780096,A
1987-08-19 20:00,79.85350738944,A
1987-08-19 21:00,28.515064518144,A
1987-08-19 22:00,12.9195612576,A
1987-08-19 23:00,7.850845717632001,A
1987-08-20 00:00,4.962527365248,A
1987-08-20 01:00,3.638714787072,A
1987-08-20 02:00,2.852922294144,A
1987-08-20 03:00,2.4210903836160003,A
1987-08-20 04:00,2.145001129344,A
1987-08-20 05:00,2.024654531328,A
1987-08-20 06:00,1.939703991552,A
1987-08-20 07:00,1.91138714496,A
1987-08-20 08:00,1.868911875072,A
1987-08-20 09:00,1.854753451776,A
1987-08-20 10:00,1.812278181888,A
1987-08-20 11:00,1.812278181888,A
1987-08-20 12:00,1.8051989702400002,A
1987-08-20 13:00,1.776882123648,A
1987-08-20 14:00,1.755644488704,A
1987-08-20 15:00,1.7485652770559998,A
1987-08-20 16:00,1.741486065408,A
1987-08-20 17:00,1.727327642112,A
1987-08-20 18:00,1.727327642112,A
1987-08-20 19:00,1.861832663424,A
1987-08-20 20:00,2.166238764288,A
1987-08-20 21:00,15.18490898496,A
1987-08-20 22:00,42.61685412096,A
1987-08-20 23:00,47.71388650752,A
1987-08-21 00:00,33.817394042496,A
1987-08-21 01:00,12.940798892544,A
1987-08-21 02:00,7.426093018752001,A
1987-08-21 03:00,4.615645994496,A
1987-08-21 04:00,3.228120511488,A
1987-08-21 05:00,2.5980706748160003,A
1987-08-21 06:00,2.2653477273599996,A
1987-08-21 07:00,2.060050589568,A
1987-08-21 08:00,1.953862414848,A
1987-08-21 09:00,1.91138714496,A
1987-08-21 10:00,1.8759910867200003,A
1987-08-21 11:00,1.868911875072,A
1987-08-21 12:00,1.812278181888,A
1987-08-21 13:00,1.868911875072,A
1987-08-21 14:00,2.024654531328,A
1987-08-21 15:00,1.9467832031999999,A
1987-08-21 16:00,1.890149510016,A
1987-08-21 17:00,1.8476742401280002,A
1987-08-21 18:00,1.868911875072,A
1987-08-21 19:00,2.385694325376,A
1987-08-21 20:00,20.657139588864,A
1987-08-21 21:00,51.46586868096,A
1987-08-21 22:00,73.90696960512,A
1987-08-21 23:00,50.942007019007995,A
1987-08-22 00:00,16.735256335872002,A
1987-08-22 01:00,9.585252571392,A
1987-08-22 02:00,6.081042805632,A
1987-08-22 03:00,4.056388274304,A
1987-08-22 04:00,3.036981796992,A
1987-08-22 05:00,2.5909914631679998,A
1987-08-22 06:00,2.22995166912,A
1987-08-22 07:00,2.045892166272,A
1987-08-22 08:00,1.939703991552,A
1987-08-22 09:00,1.904307933312,A
1987-08-22 10:00,1.8759910867200003,A
1987-08-22 11:00,1.868911875072,A
1987-08-22 12:00,1.812278181888,A
1987-08-22 13:00,1.776882123648,A
1987-08-22 14:00,1.755644488704,A
1987-08-22 15:00,1.741486065408,A
1987-08-22 16:00,1.755644488704,A
1987-08-22 17:00,1.8972287216639998,A
1987-08-22 18:00,1.890149510016,A
1987-08-22 19:00,1.8476742401280002,A
1987-08-22 20:00,1.819357393536,A
1987-08-22 21:00,18.129861030527998,A
1987-08-22 22:00,50.75794751616,A
1987-08-22 23:00,37.264970115071996,A
1987-08-23 00:00,13.436343707904001,A
1987-08-23 01:00,7.617231733248,A
1987-08-23 02:00,4.8421807672320005,A
1987-08-23 03:00,3.4688137075200003,A
1987-08-23 04:00,2.8883183523839997,A
1987-08-23 05:00,2.456486441856,A
1987-08-23 06:00,2.166238764288,A
1987-08-23 07:00,2.003416896384,A
1987-08-23 08:00,1.932624779904,A
1987-08-23 09:00,1.868911875072,A
1987-08-23 10:00,1.8264366051840002,A
1987-08-23 11:00,1.854753451776,A
1987-08-23 12:00,1.8051989702400002,A
1987-08-23 13:00,1.741486065408,A
1987-08-23 14:00,1.741486065408,A
1987-08-23 15:00,1.713169218816,A
1987-08-23 16:00,1.727327642112,A
1987-08-23 17:00,1.713169218816,A
1987-08-23 18:00,1.6990107955200002,A
1987-08-23 19:00,19.319168587392,A
1987-08-23 20:00,51.46586868096,A
1987-08-23 21:00,37.30744538496,A
1987-08-23 22:00,13.308917898239999,A
1987-08-23 23:00,7.411934595456,A
1987-08-24 00:00,4.5377746663680005,A
1987-08-24 01:00,3.157328395008,A
1987-08-24 02:00,2.54851619328,A
1987-08-24 03:00,2.2370308807679997,A
1987-08-24 04:00,2.045892166272,A
1987-08-24 05:00,1.953862414848,A
1987-08-24 06:00,1.91138714496,A
1987-08-24 07:00,1.883070298368,A
1987-08-24 08:00,1.868911875072,A
1987-08-24 09:00,1.868911875072,A
1987-08-24 10:00,1.812278181888,A
1987-08-24 11:00,1.812278181888,A
1987-08-24 12:00,1.812278181888,A
1987-08-24 13:00,1.783961335296,A
1987-08-24 14:00,1.762723700352,A
1987-08-24 15:00,1.755644488704,A
1987-08-24 16:00,1.755644488704,A
1987-08-24 17:00,1.741486065408,A
1987-08-24 18:00,1.727327642112,A
1987-08-24 19:00,1.727327642112,A
1987-08-24 20:00,18.19357393536,A
1987-08-24 21:00,50.9703238656,A
1987-08-24 22:00,56.70448530048,A
1987-08-24 23:00,39.190515683328,A
1987-08-25 00:00,14.370799645439998,A
1987-08-25 01:00,8.289756839808,A
1987-08-25 02:00,5.1819829263359996,A
1987-08-25 03:00,3.518368189056,A
1987-08-25 04:00,2.739654907776,A
1987-08-25 05:00,2.3361398438400003,A
1987-08-25 06:00,2.130842706048,A
1987-08-25 07:00,2.003416896384,A
1987-08-25 08:00,1.939703991552,A
1987-08-25 09:00,1.904307933312,A
1987-08-25 10:00,1.883070298368,A
1987-08-25 11:00,1.868911875072,A
1987-08-25 12:00,1.84059502848,A
1987-08-25 13:00,1.8051989702400002,A
1987-08-25 14:00,1.783961335296,A
1987-08-25 15:00,1.7698029119999998,A
1987-08-25 16:00,1.755644488704,A
1987-08-25 17:00,1.755644488704,A
1987-08-25 18:00,1.755644488704,A
1987-08-25 19:00,15.609661683839999,A
1987-08-25 20:00,43.11239893632,A
1987-08-25 21:00,48.28022343936,A
1987-08-25 22:00,49.76685788544,A
1987-08-25 23:00,50.403986933759995,A
1987-08-26 00:00,35.084572927488004,A
1987-08-26 01:00,13.868175618432,A
1987-08-26 02:00,8.155251818496,A
1987-08-26 03:00,5.139507656448,A
1987-08-26 04:00,3.482972130816,A
1987-08-26 05:00,2.739654907776,A
1987-08-26 06:00,2.350298267136,A
1987-08-26 07:00,2.130842706048,A
1987-08-26 08:00,2.003416896384,A
1987-08-26 09:00,1.932624779904,A
1987-08-26 10:00,1.904307933312,A
1987-08-26 11:00,1.8759910867200003,A
1987-08-26 12:00,1.854753451776,A
1987-08-26 13:00,1.798119758592,A
1987-08-26 14:00,1.755644488704,A
1987-08-26 15:00,1.755644488704,A
1987-08-26 16:00,1.727327642112,A
1987-08-26 17:00,1.727327642112,A
1987-08-26 18:00,1.727327642112,A
1987-08-26 19:00,23.687042174208003,A
1987-08-26 20:00,40.549724319744,A
1987-08-26 21:00,13.195650511872001,A
1987-08-26 22:00,7.015498743168,A
1987-08-26 23:00,4.169655660672,A
1987-08-27 00:00,2.93787283392,A
1987-08-27 01:00,2.40693196032,A
1987-08-27 02:00,2.137921917696,A
1987-08-27 03:00,2.003416896384,A
1987-08-27 04:00,1.932624779904,A
1987-08-27 05:00,1.8972287216639998,A
1987-08-27 06:00,1.868911875072,A
1987-08-27 07:00,1.868911875072,A
1987-08-27 08:00,1.8264366051840002,A
1987-08-27 09:00,1.812278181888,A
1987-08-27 10:00,1.812278181888,A
1987-08-27 11:00,1.812278181888,A
1987-08-27 12:00,1.861832663424,A
1987-08-27 13:00,1.939703991552,A
1987-08-27 14:00,1.939703991552,A
1987-08-27 15:00,1.890149510016,A
1987-08-27 16:00,1.819357393536,A
1987-08-27 17:00,1.783961335296,A
1987-08-27 18:00,1.762723700352,A
1987-08-27 19:00,15.807879609983999,A
1987-08-27 20:00,75.18122770176002,A
1987-08-27 21:00,99.10896307200001,A
1987-08-27 22:00,103.28569794431999,A
1987-08-27 23:00,105.19708508928,A
1987-08-28 00:00,66.19062890880001,A
1987-08-28 01:00,21.782734240896,A
1987-08-28 02:00,12.133768764672,A
1987-08-28 03:00,7.603073309952,A
1987-08-28 04:00,4.81386392064,A
1987-08-28 05:00,3.376783956096,A
1987-08-28 06:00,2.654704368,A
1987-08-28 07:00,2.307822997248,A
1987-08-28 08:00,2.08836743616,A
1987-08-28 09:00,1.9680208381439999,A
1987-08-28 10:00,1.918466356608,A
1987-08-28 11:00,1.8972287216639998,A
1987-08-28 12:00,1.854753451776,A
1987-08-28 13:00,1.798119758592,A
1987-08-28 14:00,1.783961335296,A
1987-08-28 15:00,1.762723700352,A
1987-08-28 16:00,1.755644488704,A
1987-08-28 17:00,1.755644488704,A
1987-08-28 18:00,15.468077450880001,A
1987-08-28 19:00,42.8292304704,A
1987-08-28 20:00,32.274125903232004,A
1987-08-28 21:00,12.126689553024,A
1987-08-28 22:00,6.682775795712,A
1987-08-28 23:00,4.0988635441920005,A
1987-08-29 00:00,2.916635198976,A
1987-08-29 01:00,2.392773537024,A
1987-08-29 02:00,2.137921917696,A
1987-08-29 03:00,1.989258473088,A
1987-08-29 04:00,1.932624779904,A
1987-08-29 05:00,1.890149510016,A
1987-08-29 06:00,1.868911875072,A
1987-08-29 07:00,1.854753451776,A
1987-08-29 08:00,1.812278181888,A
1987-08-29 09:00,1.812278181888,A
1987-08-29 10:00,1.812278181888,A
1987-08-29 11:00,1.812278181888,A
1987-08-29 12:00,1.798119758592,A
1987-08-29 13:00,1.7698029119999998,A
1987-08-29 14:00,1.755644488704,A
1987-08-29 15:00,1.713169218816,A
1987-08-29 16:00,1.713169218816,A
1987-08-29 17:00,1.713169218816,A
1987-08-29 18:00,1.727327642112,A
1987-08-29 19:00,15.2203050432,A
1987-08-29 20:00,42.61685412096,A
1987-08-29 21:00,47.71388650752,A
1987-08-29 22:00,49.05893672064,A
1987-08-29 23:00,49.837650001920004,A
1987-08-30 00:00,33.987295122048,A
1987-08-30 01:00,13.500056612736001,A
1987-08-30 02:00,7.992429950592,A
1987-08-30 03:00,4.997923423488,A
1987-08-30 04:00,3.440496860928,A
1987-08-30 05:00,2.697179637888,A
1987-08-30 06:00,2.321981420544,A
1987-08-30 07:00,2.08836743616,A
1987-08-30 08:00,1.9821792614400002,A
1987-08-30 09:00,1.918466356608,A
1987-08-30 10:00,1.890149510016,A
1987-08-30 11:00,1.868911875072,A
1987-08-30 12:00,1.84059502848,A
1987-08-30 13:00,1.798119758592,A
1987-08-30 14:00,1.762723700352,A
1987-08-30 15:00,1.7485652770559998,A
1987-08-30 16:00,1.727327642112,A
1987-08-30 17:00,15.560107202304001,A
1987-08-30 18:00,44.245072799999996,A
1987-08-30 19:00,32.252888268288004,A
1987-08-30 20:00,11.96386768512,A
1987-08-30 21:00,6.6686173724160005,A
1987-08-30 22:00,4.113021967488,A
1987-08-30 23:00,2.916635198976,A
1987-08-31 00:00,2.392773537024,A
1987-08-31 01:00,2.130842706048,A
1987-08-31 02:00,1.9821792614400002,A
1987-08-31 03:00,1.918466356608,A
1987-08-31 04:00,1.890149510016,A
1987-08-31 05:00,1.868911875072,A
1987-08-31 06:00,1.868911875072,A
1987-08-31 07:00,1.84059502848,A
1987-08-31 08:00,1.812278181888,A
1987-08-31 09:00,1.812278181888,A
1987-08-31 10:00,1.812278181888,A
1987-08-31 11:00,1.812278181888,A
1987-08-31 12:00,1.8051989702400002,A
1987-08-31 13:00,1.783961335296,A
1987-08-31 14:00,1.762723700352,A
1987-08-31 15:00,1.741486065408,A
1987-08-31 16:00,1.741486065408,A
1987-08-31 17:00,1.755644488704,A
1987-08-31 18:00,15.609661683839999,A
1987-08-31 19:00,44.386657032959995,A
1987-08-31 20:00,33.958978275456,A
1987-08-31 21:00,12.523125405312,A
1987-08-31 22:00,6.916389780096001,A
1987-08-31 23:00,4.2475269888,A
1987-09-01 00:00,2.980348103808,A
1987-09-01 01:00,2.456486441856,A
1987-09-01 02:00,2.180397187584,A
1987-09-01 03:00,2.031733742976,A
1987-09-01 04:00,1.953862414848,A
1987-09-01 05:00,1.918466356608,A
1987-09-01 06:00,1.8972287216639998,A
1987-09-01 07:00,1.8759910867200003,A
1987-09-01 08:00,1.868911875072,A
1987-09-01 09:00,1.868911875072,A
1987-09-01 10:00,1.868911875072,A
1987-09-01 11:00,1.868911875072,A
1987-09-01 12:00,1.854753451776,A
1987-09-01 13:00,1.812278181888,A
1987-09-01 14:00,1.783961335296,A
1987-09-01 15:00,1.783961335296,A
1987-09-01 16:00,1.783961335296,A
1987-09-01 17:00,1.783961335296,A
1987-09-01 18:00,15.822038033279998,A
1987-09-01 19:00,44.10348856704,A
1987-09-01 20:00,33.824473254144,A
1987-09-01 21:00,12.537283828608,A
1987-09-01 22:00,6.951785838336001,A
1987-09-01 23:00,4.205051718912,A
1987-09-02 00:00,3.0015857387519995,A
1987-09-02 01:00,2.456486441856,A
1987-09-02 02:00,2.180397187584,A
1987-09-02 03:00,2.038812954624,A
1987-09-02 04:00,1.9467832031999999,A
1987-09-02 05:00,1.91138714496,A
1987-09-02 06:00,1.8972287216639998,A
1987-09-02 07:00,1.868911875072,A
1987-09-02 08:00,1.868911875072,A
1987-09-02 09:00,1.868911875072,A
1987-09-02 10:00,1.868911875072,A
1987-09-02 11:00,1.868911875072,A
1987-09-02 12:00,1.812278181888,A
1987-09-02 13:00,1.791040546944,A
1987-09-02 14:00,1.783961335296,A
1987-09-02 15:00,1.762723700352,A
1987-09-02 16:00,1.755644488704,A
1987-09-02 17:00,1.755644488704,A
1987-09-02 18:00,15.524711144064,A
1987-09-02 19:00,43.11239893632,A
1987-09-02 20:00,33.286453168895996,A
1987-09-02 21:00,12.381541172352,A
1987-09-02 22:00,6.824360028672,A
1987-09-02 23:00,4.0988635441920005,A
1987-09-03 00:00,2.9307936222719997,A
1987-09-03 01:00,2.435248806912,A
1987-09-03 02:00,2.173317975936,A
1987-09-03 03:00,2.01757531968,A
1987-09-03 04:00,1.939703991552,A
1987-09-03 05:00,1.904307933312,A
1987-09-03 06:00,1.883070298368,A
1987-09-03 07:00,1.868911875072,A
1987-09-03 08:00,1.868911875072,A
1987-09-03 09:00,1.868911875072,A
1987-09-03 10:00,1.854753451776,A
1987-09-03 11:00,1.812278181888,A
1987-09-03 12:00,1.812278181888,A
1987-09-03 13:00,1.783961335296,A
1987-09-03 14:00,1.776882123648,A
1987-09-03 15:00,1.755644488704,A
1987-09-03 16:00,1.741486065408,A
1987-09-03 17:00,1.755644488704,A
1987-09-03 18:00,15.248621889791998,A
1987-09-03 19:00,42.90002258688,A
1987-09-03 20:00,32.274125903232004,A
1987-09-03 21:00,12.147927187968,A
1987-09-03 22:00,6.732330277248,A
1987-09-03 23:00,4.0988635441920005,A
1987-09-04 00:00,2.93787283392,A
1987-09-04 01:00,2.435248806912,A
1987-09-04 02:00,2.166238764288,A
1987-09-04 03:00,2.010496108032,A
1987-09-04 04:00,1.932624779904,A
1987-09-04 05:00,1.904307933312,A
1987-09-04 06:00,1.8759910867200003,A
1987-09-04 07:00,1.868911875072,A
1987-09-04 08:00,1.868911875072,A
1987-09-04 09:00,1.868911875072,A
1987-09-04 10:00,1.868911875072,A
1987-09-04 11:00,1.868911875072,A
1987-09-04 12:00,1.812278181888,A
1987-09-04 13:00,1.798119758592,A
1987-09-04 14:00,1.7698029119999998,A
1987-09-04 15:00,1.755644488704,A
1987-09-04 16:00,1.755644488704,A
1987-09-04 17:00,1.755644488704,A
1987-09-04 18:00,25.853280938496,A
1987-09-04 19:00,74.19013807104,A
1987-09-04 20:00,52.626859391232,A
1987-09-04 21:00,16.70693948928,A
1987-09-04 22:00,9.287925682176,A
1987-09-04 23:00,5.783715916416,A
1987-09-05 00:00,3.780299020032,A
1987-09-05 01:00,2.852922294144,A
1987-09-05 02:00,2.392773537024,A
1987-09-05 03:00,2.130842706048,A
1987-09-05 04:00,2.003416896384,A
1987-09-05 05:00,1.932624779904,A
1987-09-05 06:00,1.8972287216639998,A
1987-09-05 07:00,1.8759910867200003,A
1987-09-05 08:00,1.868911875072,A
1987-09-05 09:00,1.868911875072,A
1987-09-05 10:00,1.84059502848,A
1987-09-05 11:00,1.812278181888,A
1987-09-05 12:00,1.812278181888,A
1987-09-05 13:00,1.783961335296,A
1987-09-05 14:00,1.755644488704,A
1987-09-05 15:00,1.755644488704,A
1987-09-05 16:00,1.713169218816,A
1987-09-05 17:00,1.727327642112,A
1987-09-05 18:00,1.727327642112,A
1987-09-05 19:00,1.727327642112,A
1987-09-05 20:00,1.727327642112,A
1987-09-05 21:00,21.315506272128,A
1987-09-05 22:00,60.5272595904,A
1987-09-05 23:00,67.11092642304,A
1987-09-06 00:00,44.740617615359994,A
1987-09-06 01:00,15.722929070208002,A
1987-09-06 02:00,9.089707756032,A
1987-09-06 03:00,5.677527741696,A
1987-09-06 04:00,3.7519821734400005,A
1987-09-06 05:00,2.8670807174400004,A
1987-09-06 06:00,2.40693196032,A
1987-09-06 07:00,2.130842706048,A
1987-09-06 08:00,2.010496108032,A
1987-09-06 09:00,1.932624779904,A
1987-09-06 10:00,1.8972287216639998,A
1987-09-06 11:00,1.8051989702400002,A
1987-09-06 12:00,1.8264366051840002,A
1987-09-06 13:00,1.798119758592,A
1987-09-06 14:00,1.7698029119999998,A
1987-09-06 15:00,1.720248430464,A
1987-09-06 16:00,1.727327642112,A
1987-09-06 17:00,1.713169218816,A
1987-09-06 18:00,1.727327642112,A
1987-09-06 19:00,1.713169218816,A
1987-09-06 20:00,1.713169218816,A
1987-09-06 21:00,1.6990107955200002,A
1987-09-06 22:00,21.542041044864,A
1987-09-06 23:00,60.173299008,A
1987-09-07 00:00,66.47379737472001,A
1987-09-07 01:00,45.179528737536,A
1987-09-07 02:00,15.850354879872,A
1987-09-07 03:00,9.139262237568001,A
1987-09-07 04:00,5.734161434880001,A
1987-09-07 05:00,3.808615866624,A
1987-09-07 06:00,2.874159929088,A
1987-09-07 07:00,2.392773537024,A
1987-09-07 08:00,2.152080340992,A
1987-09-07 09:00,2.01757531968,A
1987-09-07 10:00,1.932624779904,A
1987-09-07 11:00,1.890149510016,A
1987-09-07 12:00,1.854753451776,A
1987-09-07 13:00,1.791040546944,A
1987-09-07 14:00,1.755644488704,A
1987-09-07 15:00,1.73440685376,A
1987-09-07 16:00,1.727327642112,A
1987-09-07 17:00,20.890753573248,A
1987-09-07 18:00,58.82824879488,A
1987-09-07 19:00,42.461111464704,A
1987-09-07 20:00,14.462829396863999,A
1987-09-07 21:00,8.07030127872,A
1987-09-07 22:00,4.976685788544001,A
1987-09-07 23:00,3.355546321152,A
1987-09-08 00:00,2.626387521408,A
1987-09-08 01:00,2.251189304064,A
1987-09-08 02:00,2.045892166272,A
1987-09-08 03:00,1.953862414848,A
1987-09-08 04:00,1.904307933312,A
1987-09-08 05:00,1.8759910867200003,A
1987-09-08 06:00,1.854753451776,A
1987-09-08 07:00,1.812278181888,A
1987-09-08 08:00,1.812278181888,A
1987-09-08 09:00,1.812278181888,A
1987-09-08 10:00,1.812278181888,A
1987-09-08 11:00,1.8051989702400002,A
1987-09-08 12:00,1.783961335296,A
1987-09-08 13:00,1.7698029119999998,A
1987-09-08 14:00,1.755644488704,A
1987-09-08 15:00,1.755644488704,A
1987-09-08 16:00,1.713169218816,A
1987-09-08 17:00,1.6990107955200002,A
1987-09-08 18:00,15.836196456576,A
1987-09-08 19:00,46.793588993280004,A
1987-09-08 20:00,50.715472246272,A
1987-09-08 21:00,15.411443757695999,A
1987-09-08 22:00,8.346390532992,A
1987-09-08 23:00,5.0474779050239995,A
1987-09-09 00:00,3.412180014336,A
1987-09-09 01:00,2.647625156352,A
1987-09-09 02:00,2.2936645739520003,A
1987-09-09 03:00,2.08836743616,A
1987-09-09 04:00,1.953862414848,A
1987-09-09 05:00,1.904307933312,A
1987-09-09 06:00,1.854753451776,A
1987-09-09 07:00,1.854753451776,A
1987-09-09 08:00,1.812278181888,A
1987-09-09 09:00,1.812278181888,A
1987-09-09 10:00,1.812278181888,A
1987-09-09 11:00,1.812278181888,A
1987-09-09 12:00,1.798119758592,A
1987-09-09 13:00,1.783961335296,A
1987-09-09 14:00,1.783961335296,A
1987-09-09 15:00,23.849864042112003,A
1987-09-09 16:00,40.592199589632,A
1987-09-09 17:00,13.209808935167999,A
1987-09-09 18:00,6.980102684928,A
1987-09-09 19:00,4.1484180257280014,A
1987-09-09 20:00,2.9237144106239996,A
1987-09-09 21:00,2.3786151137280003,A
1987-09-09 22:00,2.08836743616,A
1987-09-09 23:00,1.9255455682559999,A
1987-09-10 00:00,1.84059502848,A
1987-09-10 01:00,1.791040546944,A
1987-09-10 02:00,1.783961335296,A
1987-09-10 03:00,1.783961335296,A
1987-09-10 04:00,1.783961335296,A
1987-09-10 05:00,1.783961335296,A
1987-09-10 06:00,1.783961335296,A
1987-09-10 07:00,1.783961335296,A
1987-09-10 08:00,1.783961335296,A
1987-09-10 09:00,1.783961335296,A
1987-09-10 10:00,1.783961335296,A
1987-09-10 11:00,1.783961335296,A
1987-09-10 12:00,1.783961335296,A
1987-09-10 13:00,1.783961335296,A
1987-09-10 14:00,1.776882123648,A
1987-09-10 15:00,1.755644488704,A
1987-09-10 16:00,1.741486065408,A
1987-09-10 17:00,1.7698029119999998,A
1987-09-10 18:00,23.318923168512,A
1987-09-10 19:00,40.719625399296,A
1987-09-10 20:00,13.365551591424,A
1987-09-10 21:00,7.093370071296,A
1987-09-10 22:00,4.205051718912,A
1987-09-10 23:00,2.952031257216,A
1987-09-11 00:00,2.40693196032,A
1987-09-11 01:00,2.1166842827520003,A
1987-09-11 02:00,1.9821792614400002,A
1987-09-11 03:00,1.91138714496,A
1987-09-11 04:00,1.8759910867200003,A
1987-09-11 05:00,1.854753451776,A
1987-09-11 06:00,1.812278181888,A
1987-09-11 07:00,1.812278181888,A
1987-09-11 08:00,1.812278181888,A
1987-09-11 09:00,1.8051989702400002,A
1987-09-11 10:00,1.783961335296,A
1987-09-11 11:00,1.783961335296,A
1987-09-11 12:00,1.783961335296,A
1987-09-11 13:00,1.7698029119999998,A
1987-09-11 14:00,1.755644488704,A
1987-09-11 15:00,1.755644488704,A
1987-09-11 16:00,20.586347472384,A
1987-09-11 17:00,58.757456678400004,A
1987-09-11 18:00,65.34112351104,A
1987-09-11 19:00,84.80895554304,A
1987-09-11 20:00,66.11983679232,A
1987-09-11 21:00,20.466000874368,A
1987-09-11 22:00,11.36213469504,A
1987-09-11 23:00,7.0579740130560005,A
1987-09-12 00:00,4.5377746663680005,A
1987-09-12 01:00,3.199803664896,A
1987-09-12 02:00,2.647625156352,A
1987-09-12 03:00,2.2653477273599996,A
1987-09-12 04:00,2.010496108032,A
1987-09-12 05:00,1.939703991552,A
1987-09-12 06:00,1.918466356608,A
1987-09-12 07:00,1.890149510016,A
1987-09-12 08:00,1.868911875072,A
1987-09-12 09:00,1.868911875072,A
1987-09-12 10:00,1.868911875072,A
1987-09-12 11:00,1.812278181888,A
1987-09-12 12:00,1.791040546944,A
1987-09-12 13:00,1.783961335296,A
1987-09-12 14:00,1.762723700352,A
1987-09-12 15:00,1.727327642112,A
1987-09-12 16:00,1.727327642112,A
1987-09-12 17:00,1.720248430464,A
1987-09-12 18:00,1.6990107955200002,A
1987-09-12 19:00,1.6990107955200002,A
1987-09-12 20:00,1.6990107955200002,A
1987-09-12 21:00,1.6990107955200002,A
1987-09-12 22:00,15.262780313088,A
1987-09-12 23:00,42.687646237440006,A
1987-09-13 00:00,32.274125903232004,A
1987-09-13 01:00,12.105451918080002,A
1987-09-13 02:00,6.732330277248,A
1987-09-13 03:00,4.155497237376,A
1987-09-13 04:00,2.9732688921599997,A
1987-09-13 05:00,2.456486441856,A
1987-09-13 06:00,2.180397187584,A
1987-09-13 07:00,1.989258473088,A
1987-09-13 08:00,1.918466356608,A
1987-09-13 09:00,1.883070298368,A
1987-09-13 10:00,1.854753451776,A
1987-09-13 11:00,1.812278181888,A
1987-09-13 12:00,1.798119758592,A
1987-09-13 13:00,1.7698029119999998,A
1987-09-13 14:00,1.720248430464,A
1987-09-13 15:00,1.727327642112,A
1987-09-13 16:00,1.713169218816,A
1987-09-13 17:00,1.6990107955200002,A
1987-09-13 18:00,23.014517067648,A
1987-09-13 19:00,40.549724319744,A
1987-09-13 20:00,13.301838686592,A
1987-09-13 21:00,6.994261108223999,A
1987-09-13 22:00,4.1838140839680005,A
1987-09-13 23:00,2.909555987328,A
1987-09-14 00:00,2.37153590208,A
1987-09-14 01:00,2.08836743616,A
1987-09-14 02:00,1.9467832031999999,A
1987-09-14 03:00,1.904307933312,A
1987-09-14 04:00,1.868911875072,A
1987-09-14 05:00,1.8264366051840002,A
1987-09-14 06:00,1.812278181888,A
1987-09-14 07:00,1.812278181888,A
1987-09-14 08:00,1.791040546944,A
1987-09-14 09:00,1.783961335296,A
1987-09-14 10:00,1.783961335296,A
1987-09-14 11:00,1.783961335296,A
1987-09-14 12:00,1.783961335296,A
1987-09-14 13:00,1.762723700352,A
1987-09-14 14:00,1.755644488704,A
1987-09-14 15:00,1.755644488704,A
1987-09-14 16:00,1.73440685376,A
1987-09-14 17:00,1.727327642112,A
1987-09-14 18:00,1.727327642112,A
1987-09-14 19:00,1.727327642112,A
1987-09-14 20:00,1.727327642112,A
1987-09-14 21:00,23.495903459712,A
1987-09-14 22:00,53.589632175359995,A
1987-09-14 23:00,17.66263306176,A
1987-09-15 00:00,8.820697713408,A
1987-09-15 01:00,5.189062137984,A
1987-09-15 02:00,3.454655284224,A
1987-09-15 03:00,2.675942002944,A
1987-09-15 04:00,2.279506150656,A
1987-09-15 05:00,2.081288224512,A
1987-09-15 06:00,2.010496108032,A
1987-09-15 07:00,1.9255455682559999,A
1987-09-15 08:00,1.890149510016,A
1987-09-15 09:00,1.868911875072,A
1987-09-15 10:00,1.812278181888,A
1987-09-15 11:00,1.812278181888,A
1987-09-15 12:00,1.798119758592,A
1987-09-15 13:00,1.7698029119999998,A
1987-09-15 14:00,1.755644488704,A
1987-09-15 15:00,1.755644488704,A
1987-09-15 16:00,1.73440685376,A
1987-09-15 17:00,1.727327642112,A
1987-09-15 18:00,1.727327642112,A
1987-09-15 19:00,1.727327642112,A
1987-09-15 20:00,1.727327642112,A
1987-09-15 21:00,1.727327642112,A
1987-09-15 22:00,24.019765121664,A
1987-09-15 23:00,42.362002501632,A
1987-09-16 00:00,13.655799268992,A
1987-09-16 01:00,7.249112727552,A
1987-09-16 02:00,4.346635951872,A
1987-09-16 03:00,3.1502491833599997,A
1987-09-16 04:00,2.675942002944,A
1987-09-16 05:00,2.4777240768,A
1987-09-16 06:00,2.215793245824,A
1987-09-16 07:00,2.031733742976,A
1987-09-16 08:00,2.1096050711039998,A
1987-09-16 09:00,2.222872457472,A
1987-09-16 10:00,2.321981420544,A
1987-09-16 11:00,2.208714034176,A
1987-09-16 12:00,2.024654531328,A
1987-09-16 13:00,1.904307933312,A
1987-09-16 14:00,1.84059502848,A
1987-09-16 15:00,1.812278181888,A
1987-09-16 16:00,1.8051989702400002,A
1987-09-16 17:00,1.783961335296,A
1987-09-16 18:00,1.755644488704,A
1987-09-16 19:00,1.727327642112,A
1987-09-16 20:00,22.950804162816,A
1987-09-16 21:00,41.852299262976,A
1987-09-16 22:00,13.677036903936,A
1987-09-16 23:00,7.234954304256001,A
1987-09-17 00:00,4.275843835392,A
1987-09-17 01:00,2.9874273154560003,A
1987-09-17 02:00,2.435248806912,A
1987-09-17 03:00,2.180397187584,A
1987-09-17 04:00,2.010496108032,A
1987-09-17 05:00,1.932624779904,A
1987-09-17 06:00,1.8972287216639998,A
1987-09-17 07:00,1.868911875072,A
1987-09-17 08:00,1.84059502848,A
1987-09-17 09:00,1.812278181888,A
1987-09-17 10:00,1.812278181888,A
1987-09-17 11:00,1.812278181888,A
1987-09-17 12:00,1.8051989702400002,A
1987-09-17 13:00,1.762723700352,A
1987-09-17 14:00,1.755644488704,A
1987-09-17 15:00,1.727327642112,A
1987-09-17 16:00,1.727327642112,A
1987-09-17 17:00,1.727327642112,A
1987-09-17 18:00,1.727327642112,A
1987-09-17 19:00,1.727327642112,A
1987-09-17 20:00,1.706090007168,A
1987-09-17 21:00,1.6990107955200002,A
1987-09-17 22:00,9.925054730496,A
1987-09-17 23:00,54.58072180608,A
1987-09-18 00:00,48.251906592768,A
1987-09-18 01:00,15.935305419648,A
1987-09-18 02:00,8.601242152320001,A
1987-09-18 03:00,5.238616619519999,A
1987-09-18 04:00,3.532526612352,A
1987-09-18 05:00,2.7254964844800003,A
1987-09-18 06:00,2.321981420544,A
1987-09-18 07:00,2.102525859456,A
1987-09-18 08:00,1.9680208381439999,A
1987-09-18 09:00,1.91138714496,A
1987-09-18 10:00,1.883070298368,A
1987-09-18 11:00,1.854753451776,A
1987-09-18 12:00,1.812278181888,A
1987-09-18 13:00,1.7698029119999998,A
1987-09-18 14:00,1.713169218816,A
1987-09-18 15:00,1.720248430464,A
1987-09-18 16:00,1.6990107955200002,A
1987-09-18 17:00,1.6990107955200002,A
1987-09-18 18:00,1.6990107955200002,A
1987-09-18 19:00,1.7698029119999998,A
1987-09-18 20:00,2.222872457472,A
1987-09-18 21:00,22.922487316223997,A
1987-09-18 22:00,66.40300525824,A
1987-09-18 23:00,73.69459325568,A
1987-09-19 00:00,50.134976891136,A
1987-09-19 01:00,17.082137706624,A
1987-09-19 02:00,9.755153650944,A
1987-09-19 03:00,6.1305972871679995,A
1987-09-19 04:00,4.0139130044160005,A
1987-09-19 05:00,2.9661896805119996,A
1987-09-19 06:00,2.605149886464,A
1987-09-19 07:00,2.2936645739520003,A
1987-09-19 08:00,2.08836743616,A
1987-09-19 09:00,1.953862414848,A
1987-09-19 10:00,1.904307933312,A
1987-09-19 11:00,1.883070298368,A
1987-09-19 12:00,1.8264366051840002,A
1987-09-19 13:00,1.791040546944,A
1987-09-19 14:00,1.755644488704,A
1987-09-19 15:00,1.727327642112,A
1987-09-19 16:00,1.713169218816,A
1987-09-19 17:00,1.6990107955200002,A
1987-09-19 18:00,1.6990107955200002,A
1987-09-19 19:00,1.6990107955200002,A
1987-09-19 20:00,1.6990107955200002,A
1987-09-19 21:00,1.6990107955200002,A
1987-09-19 22:00,1.6990107955200002,A
1987-09-19 23:00,1.6990107955200002,A
1987-09-20 00:00,1.6990107955200002,A
1987-09-20 01:00,1.6990107955200002,A
1987-09-20 02:00,22.242882998016,A
1987-09-20 03:00,41.229328637952,A
1987-09-20 04:00,13.457581342848,A
1987-09-20 05:00,7.135845341184,A
1987-09-20 06:00,4.275843835392,A
1987-09-20 07:00,3.015744162048,A
1987-09-20 08:00,2.456486441856,A
1987-09-20 09:00,2.180397187584,A
1987-09-20 10:00,2.010496108032,A
1987-09-20 11:00,1.918466356608,A
1987-09-20 12:00,1.883070298368,A
1987-09-20 13:00,1.819357393536,A
1987-09-20 14:00,1.762723700352,A
1987-09-20 15:00,1.73440685376,A
1987-09-20 16:00,1.727327642112,A
1987-09-20 17:00,1.6990107955200002,A
1987-09-20 18:00,1.6990107955200002,A
1987-09-20 19:00,22.157932458239998,A
1987-09-20 20:00,41.455863410687996,A
1987-09-20 21:00,13.48589818944,A
1987-09-20 22:00,7.1570829761280015,A
1987-09-20 23:00,4.2192101422079995,A
1987-09-21 00:00,2.952031257216,A
1987-09-21 01:00,2.40693196032,A
1987-09-21 02:00,2.137921917696,A
1987-09-21 03:00,1.9821792614400002,A
1987-09-21 04:00,1.918466356608,A
1987-09-21 05:00,1.883070298368,A
1987-09-21 06:00,1.868911875072,A
1987-09-21 07:00,1.8264366051840002,A
1987-09-21 08:00,1.812278181888,A
1987-09-21 09:00,1.812278181888,A
1987-09-21 10:00,1.812278181888,A
1987-09-21 11:00,1.812278181888,A
1987-09-21 12:00,1.798119758592,A
1987-09-21 13:00,1.762723700352,A
1987-09-21 14:00,1.755644488704,A
1987-09-21 15:00,1.755644488704,A
1987-09-21 16:00,1.755644488704,A
1987-09-21 17:00,1.741486065408,A
1987-09-21 18:00,1.727327642112,A
1987-09-21 19:00,1.720248430464,A
1987-09-21 20:00,1.6990107955200002,A
1987-09-21 21:00,1.6990107955200002,A
1987-09-21 22:00,1.6990107955200002,A
1987-09-21 23:00,1.6990107955200002,A
1987-09-22 00:00,22.299516691199997,A
1987-09-22 01:00,66.5445894912,A
1987-09-22 02:00,48.20943132288,A
1987-09-22 03:00,15.793721186688002,A
1987-09-22 04:00,8.820697713408,A
1987-09-22 05:00,5.443913757312,A
1987-09-22 06:00,3.667031633664,A
1987-09-22 07:00,2.7962886009599996,A
1987-09-22 08:00,2.37153590208,A
1987-09-22 09:00,2.130842706048,A
1987-09-22 10:00,1.989258473088,A
1987-09-22 11:00,1.9255455682559999,A
1987-09-22 12:00,1.84059502848,A
1987-09-22 13:00,1.819357393536,A
1987-09-22 14:00,1.783961335296,A
1987-09-22 15:00,1.798119758592,A
1987-09-22 16:00,1.812278181888,A
1987-09-22 17:00,1.812278181888,A
1987-09-22 18:00,1.812278181888,A
1987-09-22 19:00,1.812278181888,A
1987-09-22 20:00,1.812278181888,A
1987-09-22 21:00,1.812278181888,A
1987-09-22 22:00,24.699369439871997,A
1987-09-22 23:00,45.575964589824,A
1987-09-23 00:00,14.243373835776,A
1987-09-23 01:00,7.624310944895999,A
1987-09-23 02:00,4.6014875712,A
1987-09-23 03:00,3.235199723136,A
1987-09-23 04:00,2.647625156352,A
1987-09-23 05:00,2.343219055488,A
1987-09-23 06:00,2.201634822528,A
1987-09-23 07:00,2.081288224512,A
1987-09-23 08:00,2.045892166272,A
1987-09-23 09:00,1.996337684736,A
1987-09-23 10:00,1.9821792614400002,A
1987-09-23 11:00,1.9821792614400002,A
1987-09-23 12:00,1.953862414848,A
1987-09-23 13:00,1.9467832031999999,A
1987-09-23 14:00,1.9255455682559999,A
1987-09-23 15:00,1.8759910867200003,A
1987-09-23 16:00,1.84059502848,A
1987-09-23 17:00,1.8051989702400002,A
1987-09-23 18:00,1.776882123648,A
1987-09-23 19:00,1.755644488704,A
1987-09-23 20:00,1.755644488704,A
1987-09-23 21:00,1.755644488704,A
1987-09-23 22:00,1.755644488704,A
1987-09-23 23:00,1.755644488704,A
1987-09-24 00:00,1.755644488704,A
1987-09-24 01:00,27.389469866111998,A
1987-09-24 02:00,50.205769007616,A
1987-09-24 03:00,15.092879233536001,A
1987-09-24 04:00,8.013667585536,A
1987-09-24 05:00,4.84925997888,A
1987-09-24 06:00,3.369704744448,A
1987-09-24 07:00,2.7254964844800003,A
1987-09-24 08:00,2.399852748672,A
1987-09-24 09:00,2.215793245824,A
1987-09-24 10:00,2.102525859456,A
1987-09-24 11:00,2.05297137792,A
1987-09-24 12:00,1.996337684736,A
1987-09-24 13:00,1.960941626496,A
1987-09-24 14:00,1.9255455682559999,A
1987-09-24 15:00,1.8972287216639998,A
1987-09-24 16:00,1.883070298368,A
1987-09-24 17:00,1.868911875072,A
1987-09-24 18:00,1.8264366051840002,A
1987-09-24 19:00,1.812278181888,A
1987-09-24 20:00,1.812278181888,A
1987-09-24 21:00,22.214566151424,A
1987-09-24 22:00,66.19062890880001,A
1987-09-24 23:00,47.968738126848,A
1987-09-25 00:00,15.708770646912,A
1987-09-25 01:00,8.863172983296,A
1987-09-25 02:00,5.5359435087360005,A
1987-09-25 03:00,3.7519821734400005,A
1987-09-25 04:00,2.874159929088,A
1987-09-25 05:00,2.491882500096,A
1987-09-25 06:00,2.258268515712,A
1987-09-25 07:00,2.137921917696,A
1987-09-25 08:00,2.05297137792,A
1987-09-25 09:00,2.010496108032,A
1987-09-25 10:00,1.9821792614400002,A
1987-09-25 11:00,1.953862414848,A
1987-09-25 12:00,1.953862414848,A
1987-09-25 13:00,1.9255455682559999,A
1987-09-25 14:00,1.904307933312,A
1987-09-25 15:00,1.8972287216639998,A
1987-09-25 16:00,1.868911875072,A
1987-09-25 17:00,1.868911875072,A
1987-09-25 18:00,1.812278181888,A
1987-09-25 19:00,23.92773537024,A
1987-09-25 20:00,66.11983679232,A
1987-09-25 21:00,75.67677251712,A
1987-09-25 22:00,51.60745291392,A
1987-09-25 23:00,17.407781442432,A
1987-09-26 00:00,9.960450788736,A
1987-09-26 01:00,6.293419155072,A
1987-09-26 02:00,4.155497237376,A
1987-09-26 03:00,3.0794570668799994,A
1987-09-26 04:00,2.562674616576,A
1987-09-26 05:00,2.2936645739520003,A
1987-09-26 06:00,2.137921917696,A
1987-09-26 07:00,2.045892166272,A
1987-09-26 08:00,1.9821792614400002,A
1987-09-26 09:00,1.953862414848,A
1987-09-26 10:00,1.953862414848,A
1987-09-26 11:00,1.953862414848,A
1987-09-26 12:00,1.953862414848,A
1987-09-26 13:00,1.932624779904,A
1987-09-26 14:00,1.918466356608,A
1987-09-26 15:00,1.8972287216639998,A
1987-09-26 16:00,1.868911875072,A
1987-09-26 17:00,1.8264366051840002,A
1987-09-26 18:00,1.791040546944,A
1987-09-26 19:00,1.783961335296,A
1987-09-26 20:00,1.7698029119999998,A
1987-09-26 21:00,20.98986253632,A
1987-09-26 22:00,86.43717422208,A
1987-09-26 23:00,62.01389403648001,A
1987-09-27 00:00,18.533376094464,A
1987-09-27 01:00,10.201143984767999,A
1987-09-27 02:00,6.456241022976,A
1987-09-27 03:00,4.21213093056,A
1987-09-27 04:00,3.093615490176,A
1987-09-27 05:00,2.576833039872,A
1987-09-27 06:00,2.307822997248,A
1987-09-27 07:00,2.152080340992,A
1987-09-27 08:00,2.05297137792,A
1987-09-27 09:00,1.996337684736,A
1987-09-27 10:00,1.975100049792,A
1987-09-27 11:00,1.953862414848,A
1987-09-27 12:00,1.9467832031999999,A
1987-09-27 13:00,1.9255455682559999,A
1987-09-27 14:00,1.8972287216639998,A
1987-09-27 15:00,1.8759910867200003,A
1987-09-27 16:00,1.854753451776,A
1987-09-27 17:00,1.812278181888,A
1987-09-27 18:00,1.783961335296,A
1987-09-27 19:00,1.7698029119999998,A
1987-09-27 20:00,1.755644488704,A
1987-09-27 21:00,1.755644488704,A
1987-09-27 22:00,22.632239638656,A
1987-09-27 23:00,41.172694944768,A
1987-09-28 00:00,13.365551591424,A
1987-09-28 01:00,7.135845341184,A
1987-09-28 02:00,4.325398316928,A
1987-09-28 03:00,3.0794570668799994,A
1987-09-28 04:00,2.562674616576,A
1987-09-28 05:00,2.2936645739520003,A
1987-09-28 06:00,2.1166842827520003,A
1987-09-28 07:00,2.031733742976,A
1987-09-28 08:00,1.975100049792,A
1987-09-28 09:00,1.953862414848,A
1987-09-28 10:00,1.953862414848,A
1987-09-28 11:00,1.939703991552,A
1987-09-28 12:00,1.9255455682559999,A
1987-09-28 13:00,1.9255455682559999,A
1987-09-28 14:00,1.8972287216639998,A
1987-09-28 15:00,1.890149510016,A
1987-09-28 16:00,1.868911875072,A
1987-09-28 17:00,1.8264366051840002,A
1987-09-28 18:00,1.783961335296,A
1987-09-28 19:00,1.783961335296,A
1987-09-28 20:00,17.761742024832,A
1987-09-28 21:00,65.41191562752,A
1987-09-28 22:00,73.83617748864,A
1987-09-28 23:00,50.177452161024,A
1987-09-29 00:00,17.011345590144,A
1987-09-29 01:00,9.755153650944,A
1987-09-29 02:00,6.173072557056,A
1987-09-29 03:00,4.502378608128,A
1987-09-29 04:00,3.3838631677440003,A
1987-09-29 05:00,2.697179637888,A
1987-09-29 06:00,2.357377478784,A
1987-09-29 07:00,2.187476399232,A
1987-09-29 08:00,2.045892166272,A
1987-09-29 09:00,1.9680208381439999,A
1987-09-29 10:00,1.932624779904,A
1987-09-29 11:00,1.918466356608,A
1987-09-29 12:00,1.8972287216639998,A
1987-09-29 13:00,1.868911875072,A
1987-09-29 14:00,1.854753451776,A
1987-09-29 15:00,1.812278181888,A
1987-09-29 16:00,1.812278181888,A
1987-09-29 17:00,1.812278181888,A
1987-09-29 18:00,22.68887333184,A
1987-09-29 19:00,51.11190809856,A
1987-09-29 20:00,16.551196833024,A
1987-09-29 21:00,8.374707379584,A
1987-09-29 22:00,4.983765000192,A
1987-09-29 23:00,3.2989126279680003,A
1987-09-30 00:00,2.5980706748160003,A
1987-09-30 01:00,2.279506150656,A
1987-09-30 02:00,2.102525859456,A
1987-09-30 03:00,2.010496108032,A
1987-09-30 04:00,1.9680208381439999,A
1987-09-30 05:00,1.953862414848,A
1987-09-30 06:00,1.953862414848,A
1987-09-30 07:00,1.953862414848,A
1987-09-30 08:00,1.939703991552,A
1987-09-30 09:00,1.9255455682559999,A
1987-09-30 10:00,1.9255455682559999,A
1987-09-30 11:00,1.9255455682559999,A
1987-09-30 12:00,1.9255455682559999,A
1987-09-30 13:00,1.9255455682559999,A
1987-09-30 14:00,1.8972287216639998,A
1987-09-30 15:00,1.890149510016,A
1987-09-30 16:00,1.868911875072,A
1987-09-30 17:00,1.84059502848,A
1987-09-30 18:00,23.191497358848,A
1987-09-30 19:00,44.514082842624,A
1987-09-30 20:00,14.12302723776,A
1987-09-30 21:00,7.440251442048,A
1987-09-30 22:00,4.42450728,A
1987-09-30 23:00,3.051140220288,A
1987-10-01 00:00,2.491882500096,A
1987-10-01 01:00,2.215793245824,A
1987-10-01 02:00,2.067129801216,A
1987-10-01 03:00,1.975100049792,A
1987-10-01 04:00,1.953862414848,A
